Administrative,Administrative_Duration,Informational,Informational_Duration,ProductRelated,ProductRelated_Duration,BounceRates,ExitRates,PageValues,SpecialDay,Month,OperatingSystems,Browser,Region,TrafficType,VisitorType,Weekend,Revenue
5,69.5,4,116,84,2839.75,0,0.006593407,6.281494505,0,May,2,4,9,2,New_Visitor,FALSE,FALSE
2,42,0,0,17,275.702381,0.04,0.06,0,0.6,May,3,2,8,2,Returning_Visitor,FALSE,FALSE
4,85.92857143,0,0,39,681.7619048,0.015384615,0.032988166,0,0,May,1,1,7,3,Returning_Visitor,FALSE,FALSE
0,0,0,0,5,95.5,0,0.013333333,0,0,May,2,4,1,3,Returning_Visitor,FALSE,FALSE
2,76,1,79,35,2072.666667,0.007207207,0.031081081,8.1,0.8,May,2,4,7,2,Returning_Visitor,FALSE,FALSE
0,0,0,0,13,214.25,0.091666667,0.097777778,0,0.8,May,3,2,3,13,Returning_Visitor,FALSE,FALSE
0,0,0,0,1,207.5702479,0,0.007936508,0,0,Oct,2,2,1,5,Returning_Visitor,FALSE,FALSE
3,40.2,0,0,11,201.1333333,0,0.02,0,0,June,2,2,2,1,New_Visitor,FALSE,FALSE
1,63.4,0,0,3,120.4,0,0,42.29306752,0,Oct,1,1,3,3,New_Visitor,FALSE,TRUE
6,618.0666667,0,0,50,1342.083333,0,0.004385965,28.06804986,0,June,2,2,6,11,New_Visitor,FALSE,TRUE
0,0,0,0,2,7,0,0.1,0,0,June,2,2,7,1,Returning_Visitor,FALSE,FALSE
3,152.6,0,0,28,608.8833333,0.009375,0.03125,19.82770888,0,Jul,2,2,7,13,Returning_Visitor,FALSE,TRUE
7,56.3,0,0,15,315.4,0,0.011111111,0,0,Oct,2,2,1,2,New_Visitor,FALSE,FALSE
0,0,0,0,20,419.6,0.038095238,0.068253968,0,0,Aug,3,2,3,3,Returning_Visitor,TRUE,FALSE
1,39.2,2,120.8,7,80.5,0,0.01,0,0,Nov,3,2,4,2,New_Visitor,TRUE,FALSE
3,89.6,0,0,57,1721.906667,0,0.005932203,204.0079491,0,Nov,2,2,1,4,Returning_Visitor,TRUE,TRUE
2,104.3,0,0,48,2307.661212,0.025510204,0.035488428,4.348145623,0,Oct,1,1,4,1,Returning_Visitor,TRUE,FALSE
0,0,0,0,4,41.4,0.075,0.125,0,0,Jul,3,2,6,1,Returning_Visitor,FALSE,FALSE
4,204.2,0,0,31,652.3766667,0.012121212,0.016161616,0,0,Nov,1,1,6,1,Returning_Visitor,FALSE,FALSE
17,180.1333333,1,80.6,180,6512.010952,0.002645503,0.012248677,0,0,Sep,2,2,1,3,Returning_Visitor,FALSE,FALSE
1,12,0,0,36,493.3033901,0,0.01660575,0,0,Oct,2,2,5,2,Returning_Visitor,FALSE,FALSE
2,13,0,0,17,209.7,0.023529412,0.038235294,0,0,June,1,1,3,4,Returning_Visitor,FALSE,FALSE
0,0,0,0,5,68.4,0,0.08,0,0,June,2,4,2,4,Returning_Visitor,FALSE,FALSE
3,41.2,0,0,7,942.8,0,0.03,0,0,Aug,1,1,4,5,New_Visitor,FALSE,FALSE
4,101.8,0,0,91,5692.211713,0.006451613,0.033623455,0,0,Sep,4,1,9,1,Returning_Visitor,FALSE,FALSE
1,26.2,0,0,4,106.8,0,0.04,36.66178288,0,Oct,2,2,2,5,New_Visitor,FALSE,TRUE
2,79.6,3,332.08,34,1011.016667,0.018918919,0.043243243,5.128358233,0,Oct,2,2,7,1,Returning_Visitor,FALSE,TRUE
4,159,0,0,16,307.6166667,0,0.010526316,0,0,Oct,1,1,3,2,Returning_Visitor,TRUE,FALSE
7,227.9,0,0,22,701.0166667,0,0.001666667,0,0,Oct,2,4,4,2,Returning_Visitor,FALSE,FALSE
2,47.4,0,0,14,478.6,0.04375,0.079166667,0,0,Jul,4,1,1,4,Returning_Visitor,TRUE,FALSE
0,0,0,0,13,710.0666667,0,0.007692308,72.52283848,0,Nov,1,1,2,2,Returning_Visitor,FALSE,TRUE
1,0,0,0,3,259,0,0.04,48.04726202,0,Oct,2,2,1,4,Returning_Visitor,FALSE,TRUE
0,0,0,0,34,1228.5,0.039705882,0.059313725,0,0,Aug,3,2,1,4,Returning_Visitor,FALSE,FALSE
2,196.6,0,0,31,1514.3,0.036363636,0.066666667,0,0,Aug,1,8,7,1,Returning_Visitor,TRUE,FALSE
3,33.2,0,0,10,278.4333333,0.007142857,0.026190476,32.70034468,0,Jul,2,2,6,1,Returning_Visitor,FALSE,TRUE
0,0,0,0,6,86.53333333,0,0.066666667,0,0,Oct,1,1,7,2,Returning_Visitor,TRUE,FALSE
3,9.5,0,0,25,528.9666667,0.007692308,0.037179487,3.296827304,0,June,2,2,2,3,Returning_Visitor,FALSE,FALSE
2,55.4,0,0,25,402.75,0.015384615,0.034065934,0,0,Jul,3,2,5,1,Returning_Visitor,FALSE,FALSE
0,0,0,0,1,0,0.1,0.2,0,0,Jul,2,2,2,5,New_Visitor,TRUE,FALSE
10,1222.4,0,0,26,2988.883333,0,0.002903226,0,0,Sep,2,2,1,2,Returning_Visitor,FALSE,FALSE
0,0,0,0,42,844.58,0.05952381,0.085396825,0,0,Oct,3,2,1,3,Returning_Visitor,FALSE,FALSE
3,13.73333333,1,2,27,407.6833333,0.006666667,0.011555556,0,0,Jul,2,2,1,4,Returning_Visitor,FALSE,TRUE
1,23.2,0,0,30,964.4666667,0,0.003571429,51.03362522,0,Oct,2,2,5,2,New_Visitor,FALSE,TRUE
5,150.7,0,0,12,201.6,0.026666667,0.04,0,0,Oct,1,1,4,2,New_Visitor,FALSE,FALSE
5,66.6,0,0,13,523.6,0,0.013333333,0,0,Oct,2,2,6,3,Returning_Visitor,FALSE,FALSE
0,0,0,0,24,968.6924242,0,0,106.2525169,0,Nov,1,1,9,2,Returning_Visitor,FALSE,TRUE
1,92.6,0,0,4,207.9333333,0,0.04,0,0,Jul,1,1,9,20,New_Visitor,FALSE,FALSE
0,0,0,0,16,1062.666667,0,0.0125,54.56704868,0,Sep,4,1,1,4,New_Visitor,FALSE,TRUE
13,1013.056909,2,102.8,77,2697.022104,0,0.009471471,1.798669862,0,Nov,1,1,9,2,Returning_Visitor,FALSE,FALSE
1,48.4,0,0,22,2707.386667,0,0.009722222,0,0,Sep,3,2,1,1,Returning_Visitor,TRUE,FALSE
1,57.4,0,0,6,303.1,0.028571429,0.014285714,0,0,June,1,2,3,2,Returning_Visitor,FALSE,FALSE
7,297.6,0,0,66,3572.241757,0.005797101,0.012314449,7.766280897,0,Oct,2,2,8,2,Returning_Visitor,FALSE,FALSE
0,0,0,0,2,12,0.1,0.1,0,0,Sep,4,1,1,2,Returning_Visitor,FALSE,FALSE
0,0,0,0,38,3287,0.036842105,0.075814536,0,0,June,2,5,1,1,Returning_Visitor,FALSE,FALSE
0,0,0,0,47,902.77,0.022222222,0.04037037,0,0,Jul,3,2,8,1,Returning_Visitor,FALSE,FALSE
0,0,0,0,1,0,0.2,0.2,0,0,Oct,1,1,8,1,Returning_Visitor,TRUE,FALSE
0,0,0,0,16,519.8666667,0,0,0,0,Jul,1,1,1,4,Returning_Visitor,FALSE,FALSE
2,56.73333333,0,0,33,1091.394074,0,0.003594771,0,0,Oct,4,2,3,2,New_Visitor,TRUE,FALSE
1,86.6,0,0,14,349.5761905,0,0.004761905,60.43737784,0,Nov,1,1,1,3,New_Visitor,FALSE,TRUE
7,38.6,0,0,70,1087.7,0,0.004861111,0,0,Oct,2,2,4,5,Returning_Visitor,FALSE,FALSE
6,545.65,3,204.3466667,69,1182.432333,0.000684932,0.002998087,19.71529542,0,Nov,2,2,1,13,Returning_Visitor,TRUE,TRUE
3,94.6,0,0,16,1254,0,0.019327731,0,0,Nov,3,2,7,2,New_Visitor,TRUE,FALSE
6,53,0,0,40,778.8333333,0,0.009469697,8.480846261,0,Aug,1,1,1,4,New_Visitor,TRUE,FALSE
3,28.8,5,2195.3,21,378.4,0.02962963,0.030864198,0,0,Jul,1,1,3,1,Returning_Visitor,FALSE,FALSE
5,46.52,0,0,133,2248.914286,0.012077922,0.029349567,6.373770623,0,Jul,1,1,1,4,Returning_Visitor,FALSE,TRUE
1,41.4,0,0,30,558.6111111,0.009090909,0.046464646,0,0,Sep,2,10,2,1,Returning_Visitor,FALSE,TRUE
6,82.14,0,0,12,191.1,0,0.0125,0,0,Nov,2,4,9,4,Returning_Visitor,FALSE,FALSE
0,0,0,0,11,267.5666667,0,0.009090909,7.68745056,0,Oct,2,2,1,3,New_Visitor,FALSE,TRUE
3,397.7,4,1093.3,66,4152.7631,0.014979592,0.017561939,6.282904602,0,Sep,3,2,8,4,Returning_Visitor,TRUE,FALSE
0,0,0,0,16,645.2,0.0125,0.05,0,0,Jul,4,1,3,1,Returning_Visitor,TRUE,FALSE
16,932.7971429,0,0,40,991.7155466,0.008888889,0.011659808,0,0,Sep,1,2,1,1,Returning_Visitor,FALSE,FALSE
3,56.8,1,3,73,1677.666667,0.010666667,0.040444444,0,0,June,2,2,7,1,Returning_Visitor,FALSE,FALSE
1,10,0,0,5,354.9,0,0.06,0,0,Sep,2,2,5,1,Returning_Visitor,FALSE,FALSE
0,0,0,0,3,74.6,0,0.066666667,0,0,Jul,3,2,3,4,Returning_Visitor,TRUE,FALSE
10,89.98,0,0,96,1304.973333,0.003921569,0.008309991,6.175932014,0,Oct,2,2,1,3,Returning_Visitor,FALSE,FALSE
0,0,0,0,6,95,0.028571429,0.028571429,86.33623272,0,Oct,1,1,4,2,New_Visitor,FALSE,TRUE
1,67.5,0,0,28,873.64,0,0.006785714,0,0,Sep,3,2,1,6,Returning_Visitor,FALSE,FALSE
13,234.5666667,0,0,80,1807.227778,0.016091954,0.0348659,4.192980384,0,Jul,4,2,3,13,Returning_Visitor,FALSE,FALSE
2,63.5,0,0,104,1667.158421,0,0.002547045,0,0,Jul,2,4,2,1,Returning_Visitor,TRUE,FALSE
1,4,0,0,8,227.1,0.022222222,0.066666667,0,0,Aug,2,2,3,13,Returning_Visitor,FALSE,FALSE
0,0,0,0,14,331.3,0,0.015384615,0,0,Jul,1,8,1,1,Returning_Visitor,FALSE,FALSE
5,196.88,0,0,7,118.9133333,0,0.01473138,16.56478478,0,Oct,3,2,7,2,Returning_Visitor,FALSE,FALSE
5,60.2,0,0,12,165.4,0.0125,0.041666667,0,0,Aug,2,5,3,6,Returning_Visitor,FALSE,FALSE
5,271,2,42.2,6,147.9,0,0.036363636,0,0,Aug,3,2,7,2,New_Visitor,TRUE,FALSE
6,85.2,0,0,11,203,0,0,0,0,Nov,2,2,5,2,Returning_Visitor,FALSE,FALSE
1,62.46666667,0,0,5,165.1,0,0.016666667,0,0,Sep,3,2,3,3,New_Visitor,FALSE,FALSE
10,164.0666667,0,0,37,1553.52381,0.005128205,0.01025641,0,0,Sep,2,2,1,2,Returning_Visitor,FALSE,FALSE
18,189.2646154,0,0,38,777.4146154,0.004255319,0.016960486,0,0,Sep,2,2,1,3,Returning_Visitor,TRUE,FALSE
2,196.6,0,0,0,0,0,0.033333333,0,0,Nov,3,2,9,5,New_Visitor,TRUE,FALSE
1,5.066666667,0,0,32,441.6045455,0,0.00625,0,0,Sep,2,2,6,3,New_Visitor,FALSE,FALSE
2,94.7,0,0,23,897.19,0,0.002898551,0,0,Aug,3,2,3,2,New_Visitor,TRUE,FALSE
1,45.4,0,0,7,352.7,0,0.014285714,0,0,Oct,1,1,3,4,Returning_Visitor,FALSE,FALSE
1,38.8,0,0,11,214.0533333,0.016666667,0.03015873,0,0,Oct,3,2,1,2,Returning_Visitor,FALSE,FALSE
2,21,0,0,25,278.1366667,0,0.007692308,77.4579855,0,Nov,2,2,7,2,New_Visitor,FALSE,FALSE
5,82.6,1,14.2,8,66.53333333,0,0.02,0,0,Aug,4,1,3,1,New_Visitor,TRUE,FALSE
0,0,0,0,22,1321.7,0,0.010833333,0,0,June,2,2,2,13,Returning_Visitor,FALSE,FALSE
6,89.8,0,0,26,1570.133333,0,0.005357143,0,0,June,2,2,8,4,New_Visitor,TRUE,FALSE
5,850,0,0,20,1893.466667,0,0.02,0,0,Oct,2,4,9,2,Returning_Visitor,FALSE,FALSE
0,0,0,0,34,1070.098072,0.018627451,0.027103099,0,0,Jul,3,2,7,1,Returning_Visitor,FALSE,FALSE
0,0,0,0,26,1114.733333,0.015384615,0.026098901,26.13034871,0,Nov,3,2,9,20,Returning_Visitor,TRUE,FALSE
0,0,0,0,22,469.54,0,0.008695652,14.00979215,0,Oct,2,2,9,2,New_Visitor,FALSE,TRUE
4,585.8,0,0,29,1582.533333,0.006666667,0.022222222,0,0,Oct,2,2,4,1,Returning_Visitor,FALSE,FALSE
0,0,0,0,3,33.2,0,0.066666667,0,0,June,1,1,3,1,Returning_Visitor,TRUE,FALSE
0,0,2,88.6,35,682.1833333,0,0.001388889,0,0,Jul,1,1,3,1,Returning_Visitor,FALSE,FALSE
0,0,0,0,11,287.5,0,0.027272727,0,0,Oct,2,4,2,1,Returning_Visitor,FALSE,FALSE
10,491.6666667,0,0,48,1939.571111,0.003773585,0.010539084,0,0,Nov,2,2,7,20,Returning_Visitor,FALSE,TRUE
10,340.9,3,269.8,99,3611.978569,0.000641026,0.00210649,0.847337986,0,June,2,2,1,7,Returning_Visitor,FALSE,TRUE
2,112.8,0,0,27,1555.967143,0,0.001724138,44.85638692,0,Nov,1,1,4,2,New_Visitor,FALSE,TRUE
0,0,0,0,0,0,0.2,0.2,0,0,Nov,1,1,9,3,Returning_Visitor,FALSE,FALSE
0,0,0,0,8,413,0,0.0125,0,0,Sep,1,1,4,3,New_Visitor,FALSE,FALSE
0,0,0,0,3,62.4,0,0.066666667,0,0,June,2,2,3,3,Returning_Visitor,FALSE,FALSE
0,0,0,0,33,889.3666667,0,0.003030303,8.424787355,0,Oct,2,2,3,2,Returning_Visitor,FALSE,TRUE
17,698.1333333,1,9,83,4306.612355,0.001075269,0.019375648,0,0,Oct,7,1,2,1,Returning_Visitor,TRUE,TRUE
0,0,0,0,15,1069.7,0,0.046666667,0,0,Jul,3,2,6,1,Returning_Visitor,FALSE,FALSE
3,32.2,0,0,81,1199.616667,0,0.00617284,0,0,Sep,2,2,2,1,Returning_Visitor,TRUE,TRUE
1,16.6,0,0,84,1893.619048,0.016825397,0.030138889,0,0,Oct,1,1,6,3,Returning_Visitor,FALSE,FALSE
4,54.2,1,33.2,64,1324.68,0,0.003864734,0,0,June,2,2,1,4,New_Visitor,FALSE,FALSE
0,0,0,0,16,230.5666667,0,0.023958333,0,0,Aug,2,2,3,4,Returning_Visitor,FALSE,FALSE
1,11,0,0,8,98.56666667,0.066666667,0.101666667,0,0,Sep,1,8,3,1,Returning_Visitor,TRUE,FALSE
0,0,0,0,3,33.2,0.133333333,0.166666667,0,0,Aug,3,2,1,2,Returning_Visitor,TRUE,FALSE
11,455.0666667,3,306.1,41,5194.857143,0.001754386,0.013972431,22.65941331,0,Oct,2,4,1,20,Returning_Visitor,FALSE,FALSE
2,32.2,1,0,20,342.6866667,0,0.009090909,0,0,Aug,2,2,1,4,New_Visitor,FALSE,FALSE
4,601.9,0,0,41,2517.583333,0.007751938,0.013881932,20.55494533,0,Sep,3,2,1,1,Returning_Visitor,FALSE,TRUE
1,136.5,0,0,25,806.5,0,0.009615385,39.96971545,0,Aug,1,1,1,4,Returning_Visitor,TRUE,FALSE
0,0,0,0,24,348.0333333,0.077777778,0.111111111,0,0,Oct,1,1,1,3,Returning_Visitor,FALSE,FALSE
4,49.3,0,0,9,283.7,0.018181818,0.036363636,0,0,June,1,1,3,3,Returning_Visitor,FALSE,FALSE
10,278.6666667,0,0,50,907.2363636,0.020411523,0.023212197,1.981038388,0,Oct,3,2,3,4,Returning_Visitor,FALSE,FALSE
0,0,0,0,10,122.1666667,0,0.02,0,0,Nov,1,1,1,5,New_Visitor,TRUE,FALSE
1,118.8,0,0,8,259.2,0,0.007407407,0,0,Sep,2,2,4,2,New_Visitor,FALSE,FALSE
0,0,0,0,3,58.2,0.066666667,0.044444444,0,0,Aug,3,2,1,3,Returning_Visitor,FALSE,FALSE
2,13,0,0,6,47.13333333,0.04,0.06,20.94544525,0,Nov,1,2,2,4,Returning_Visitor,FALSE,FALSE
1,44,0,0,1,0,0,0.066666667,0,0,Sep,1,1,1,5,New_Visitor,FALSE,TRUE
1,4,0,0,73,2000.618333,0,0.003703704,0,0,Sep,2,10,7,3,Returning_Visitor,FALSE,FALSE
0,0,0,0,4,140,0.05,0.1,0,0,Sep,3,2,1,13,Returning_Visitor,FALSE,FALSE
2,75.05,0,0,106,4143.175238,0.019711538,0.03900641,4.484328486,0,Aug,3,2,1,1,Returning_Visitor,FALSE,FALSE
1,17.1,1,31.2,45,812.2873894,0,0.022732152,4.395471544,0,Aug,2,4,3,2,Returning_Visitor,FALSE,TRUE
1,2,6,657.8333333,140,3252.200476,0.005479452,0.024292237,0,0,Jul,2,2,4,1,Returning_Visitor,FALSE,FALSE
1,4,0,0,20,471.4777778,0,0.004545455,32.95851549,0,Jul,1,1,1,4,Returning_Visitor,FALSE,TRUE
1,5,0,0,41,764.1333333,0,0.014444444,0,0,June,2,2,1,4,Returning_Visitor,FALSE,FALSE
0,0,0,0,21,1275.9,0.052380952,0.101587302,0,0,Sep,2,4,5,1,Returning_Visitor,FALSE,FALSE
0,0,0,0,8,458.5,0.025,0.03,0,0,Sep,3,2,1,11,Returning_Visitor,FALSE,FALSE
0,0,0,0,4,86.36,0.0625,0.11875,0,0,Aug,3,2,4,1,Returning_Visitor,TRUE,FALSE
0,0,0,0,9,152.6,0.044444444,0.096296296,0,0,June,2,2,1,3,Returning_Visitor,FALSE,FALSE
2,268.08,0,0,13,420.2466667,0.042105263,0.064912281,0,0,Sep,3,2,1,13,Returning_Visitor,TRUE,TRUE
1,22.2,0,0,5,136.1,0.066666667,0.066666667,0,0,Oct,1,1,1,20,Returning_Visitor,FALSE,TRUE
0,0,0,0,1,0,0.2,0.2,0,0,June,1,1,3,2,Returning_Visitor,FALSE,FALSE
0,0,0,0,63,1779.163333,0.003278689,0.020243418,0,0,Aug,2,2,1,1,Returning_Visitor,FALSE,FALSE
7,68.4,0,0,145,5175.377371,0.002666667,0.008978355,2.042762326,0,Aug,2,2,1,1,Returning_Visitor,FALSE,TRUE
24,468.100663,6,191.8666667,189,3428.527381,0.018642295,0.043830926,0.870148477,0,June,2,2,2,1,Returning_Visitor,FALSE,FALSE
3,43.2,0,0,7,137,0,0.02,0,0,June,2,4,6,2,New_Visitor,TRUE,FALSE
2,132,1,28.2,35,1356.866667,0,0.010526316,0,0,Oct,2,2,4,13,Returning_Visitor,FALSE,FALSE
6,45.03333333,1,69.6,120,5771.466862,0.002755906,0.014537746,4.586910248,0,Aug,4,2,1,2,Returning_Visitor,FALSE,FALSE
0,0,0,0,2,0,0.2,0.2,0,0,June,3,2,7,13,Returning_Visitor,FALSE,FALSE
1,80.6,0,0,21,479.5857143,0.005,0.010555556,10.89761784,0,Oct,1,1,3,2,Returning_Visitor,TRUE,TRUE
4,26.2,0,0,13,131.2,0,0.026666667,0,0,June,1,2,1,5,Returning_Visitor,FALSE,FALSE
12,137.9,0,0,13,161.8666667,0,0.010526316,0,0,Aug,2,2,3,5,New_Visitor,TRUE,FALSE
0,0,0,0,8,261.8,0.01,0.04,10.99901844,0,Sep,2,2,4,1,Returning_Visitor,TRUE,FALSE
2,9.6,3,118.1,10,184.1,0,0.035714286,0,0,June,2,2,8,4,Returning_Visitor,FALSE,FALSE
2,161.2,0,0,7,555.4,0.044444444,0.055555556,21.09392209,0,Oct,3,2,2,1,Returning_Visitor,FALSE,FALSE
9,301,0,0,38,2621.621429,0.021212121,0.044507576,10.72117234,0,Nov,2,2,1,13,Returning_Visitor,FALSE,FALSE
2,45.2,0,0,19,230.2,0,0.019047619,0,0,Jul,2,2,2,2,New_Visitor,FALSE,FALSE
2,167.4,0,0,8,191.15,0,0.02,0,0,Oct,1,1,6,2,New_Visitor,FALSE,FALSE
0,0,0,0,2,4,0,0.1,0,0,Aug,2,2,1,1,Returning_Visitor,FALSE,FALSE
0,0,0,0,10,45.2,0.08,0.1,0,0,Aug,1,1,1,3,Returning_Visitor,FALSE,FALSE
2,19.4,3,45.26666667,10,136.0666667,0,0.052857143,0,0,Sep,2,2,1,5,Returning_Visitor,FALSE,FALSE
3,157.4,0,0,9,128.5,0.036363636,0.081818182,0,0,Jul,3,2,1,3,Returning_Visitor,TRUE,FALSE
0,0,0,0,15,2653.5,0,0.04,0,0,Sep,4,1,7,1,Returning_Visitor,FALSE,FALSE
5,56.8,0,0,3,27.2,0,0.033333333,0,0,Nov,2,2,6,2,New_Visitor,FALSE,FALSE
4,459.5,4,199.1,94,6186.17226,0.022541254,0.03820917,3.085103642,0,Jul,3,2,8,13,Returning_Visitor,FALSE,FALSE
0,0,0,0,3,58.4,0,0.066666667,0,0,Jul,2,4,1,2,Returning_Visitor,FALSE,FALSE
0,0,0,0,24,1163.266667,0.061111111,0.083333333,27.287869,0,Oct,1,1,4,1,Returning_Visitor,TRUE,TRUE
2,42.2,0,0,17,440.2261905,0.026315789,0.023684211,0,0,Jul,3,2,3,1,Returning_Visitor,FALSE,FALSE
0,0,0,0,37,1489.590909,0.009459459,0.03816999,0,0,Sep,3,2,2,4,Returning_Visitor,FALSE,FALSE
1,12,0,0,0,0,0,0.022222222,0,0,Aug,3,2,6,2,Returning_Visitor,TRUE,TRUE
0,0,0,0,58,1590.42,0.010344828,0.021551724,1.023391581,0,Jul,3,2,8,4,Returning_Visitor,FALSE,TRUE
0,0,0,0,20,545.1,0.01,0.031666667,0,0,Jul,3,2,8,4,Returning_Visitor,FALSE,FALSE
0,0,0,0,13,517.4,0,0.034285714,4.856377111,0,Nov,2,2,1,20,Returning_Visitor,TRUE,TRUE
0,0,0,0,3,275,0,0.05,32.89701477,0,Oct,3,2,2,2,New_Visitor,FALSE,TRUE
3,69.6,0,0,9,199.1333333,0,0.006060606,0,0,Jul,1,1,1,2,New_Visitor,FALSE,FALSE
0,0,0,0,24,583,0,0.025,0,0,Jul,2,2,1,4,Returning_Visitor,FALSE,FALSE
6,66.55,0,0,41,1556.523333,0.005681818,0.012878788,0,0,Aug,3,2,1,4,Returning_Visitor,TRUE,FALSE
8,103.7333333,0,0,17,328.3,0,0.010526316,0,0,June,3,2,8,2,New_Visitor,TRUE,FALSE
4,60.4,0,0,11,572.6,0,0.013333333,0,0,Oct,2,2,7,4,Returning_Visitor,TRUE,FALSE
2,423.6,0,0,46,2031.506667,0.013043478,0.023913043,0,0,Aug,2,2,4,1,Returning_Visitor,FALSE,FALSE
6,63.68333333,0,0,8,129.7611111,0.017857143,0.068923933,0,0,June,3,2,3,3,Returning_Visitor,FALSE,FALSE
5,148.5,0,0,25,307.7,0.007692308,0.034615385,0,0,Oct,4,1,9,3,Returning_Visitor,TRUE,FALSE
4,96.6,0,0,15,276.7333333,0.010526316,0.021052632,69.46239458,0,Oct,2,2,1,4,Returning_Visitor,TRUE,TRUE
0,0,0,0,13,187,0,0,0,0,Sep,2,5,4,1,Returning_Visitor,FALSE,FALSE
8,628.3666667,1,0,131,4044.465674,0.008889185,0.030612404,0,0,Aug,1,1,3,2,Returning_Visitor,FALSE,FALSE
1,13.1,0,0,111,4208.752099,0.003477744,0.015856149,0,0,Jul,2,2,1,1,Returning_Visitor,TRUE,FALSE
4,25,0,0,193,7548.633333,0.013471503,0.029620035,0,0,Jul,2,2,1,3,Returning_Visitor,FALSE,FALSE
3,58.4,0,0,11,267.3,0,0.016666667,0,0,Nov,2,2,4,2,New_Visitor,TRUE,FALSE
0,0,0,0,57,820.3636364,0.035087719,0.061650605,0,0,June,3,2,3,13,Returning_Visitor,FALSE,FALSE
3,118,0,0,32,791.8,0.021621622,0.046846847,1.297677921,0,Sep,2,2,1,3,Returning_Visitor,FALSE,FALSE
8,77.5,0,0,35,2518.266667,0.01025641,0.012576313,0,0,Jul,2,2,2,2,New_Visitor,TRUE,FALSE
4,61.63333333,0,0,33,1804.011111,0,0.005022447,41.64590199,0,Nov,2,2,2,2,Returning_Visitor,FALSE,TRUE
5,68.8,0,0,33,781.5166667,0.005555556,0.008333333,22.53693712,0,Jul,2,2,6,2,New_Visitor,TRUE,FALSE
3,11.6,0,0,25,510.38,0.007692308,0.023076923,0,0,Oct,2,2,2,1,Returning_Visitor,FALSE,FALSE
0,0,0,0,5,87.6,0,0.04,0,0,Aug,2,4,1,1,Returning_Visitor,FALSE,FALSE
2,34.18095238,0,0,70,2012.660952,0,0.001408451,0,0,Nov,2,4,3,5,New_Visitor,TRUE,FALSE
3,36.3,0,0,13,309.55,0,0.029166667,0,0,June,2,2,3,1,Returning_Visitor,FALSE,FALSE
3,498.6,1,152.2,25,1556.491429,0.036206897,0.067624521,5.689147469,0,Jul,2,5,4,1,Returning_Visitor,TRUE,TRUE
1,23.2,0,0,27,1061.55,0.003703704,0.018518519,43.29821166,0,Aug,2,2,6,5,Returning_Visitor,FALSE,TRUE
4,194.4,0,0,12,182.5142857,0,0.001666667,0,0,Oct,1,1,6,2,Returning_Visitor,FALSE,FALSE
0,0,0,0,9,125.2666667,0.044444444,0.103703704,0,0,Oct,2,2,3,4,Returning_Visitor,TRUE,FALSE
3,28.65,0,0,9,75.05,0.066666667,0.111111111,0,0,Sep,3,2,4,3,Returning_Visitor,FALSE,FALSE
2,66.5,0,0,5,118.5,0,0.042857143,0,0,June,2,2,7,2,Returning_Visitor,FALSE,FALSE
2,194.9,0,0,14,227.3333333,0,0.009183673,0,0,Nov,1,1,4,3,Returning_Visitor,FALSE,TRUE
0,0,0,0,5,0,0.2,0.2,0,0,Jul,3,2,2,13,Returning_Visitor,TRUE,FALSE
5,44.66666667,1,144,101,1808.162266,0.045307443,0.06290128,2.153839297,0,Jul,3,2,1,3,Returning_Visitor,FALSE,FALSE
2,83.6,1,0,18,1219.7,0,0.00952381,16.36245374,0,Aug,2,2,1,4,New_Visitor,FALSE,TRUE
0,0,0,0,32,893.45,0,0.011458333,0,0,Oct,4,1,1,5,Returning_Visitor,FALSE,FALSE
0,0,0,0,6,268.4,0,0.04,0,0,Jul,2,4,9,6,Returning_Visitor,FALSE,FALSE
1,11,0,0,1,0,0,0.1,0,0,Aug,2,6,1,3,Returning_Visitor,FALSE,FALSE
0,0,0,0,45,2347.333333,0.004545455,0.015909091,0,0,Nov,2,4,1,1,Returning_Visitor,FALSE,FALSE
0,0,0,0,41,817.7958109,0.034492302,0.05715957,0,0,June,3,2,1,13,Returning_Visitor,FALSE,FALSE
7,79.2,0,0,30,1011.916667,0,0.018285714,12.9058765,0,Sep,2,2,4,4,Returning_Visitor,FALSE,FALSE
0,0,1,0,7,1646.2,0.025,0.075,0,0,June,2,2,1,2,Returning_Visitor,FALSE,FALSE
5,35.7,5,95.65,95,2383.139223,0.019666667,0.036723457,0,0,Aug,3,2,1,3,Returning_Visitor,FALSE,FALSE
3,59.79,0,0,39,752.56,0,0.000696864,0,0,Nov,2,4,1,2,New_Visitor,FALSE,FALSE
0,0,0,0,1,0,0.2,0.2,0,0,Jul,1,1,1,1,Returning_Visitor,FALSE,FALSE
1,15.2,0,0,6,199.6,0,0.014285714,0,0,Oct,1,8,2,6,New_Visitor,FALSE,FALSE
0,0,0,0,23,386.18,0.004347826,0.016521739,0,0,Jul,1,1,1,4,Returning_Visitor,FALSE,FALSE
0,0,0,0,31,464.9333333,0.006451613,0.033870968,0,0,June,2,2,3,3,Returning_Visitor,FALSE,FALSE
4,96.4,0,0,10,217.6,0,0,0,0,Nov,3,2,2,2,New_Visitor,TRUE,FALSE
5,77,0,0,94,3210.848218,0.00212766,0.020921986,0,0,Oct,2,2,3,2,Returning_Visitor,TRUE,FALSE
0,0,2,38.2,39,873,0.01,0.02,0,0,Sep,1,1,1,4,Returning_Visitor,FALSE,FALSE
1,0,0,0,12,277.45,0.06,0.09,0,0,June,3,2,3,13,Returning_Visitor,FALSE,FALSE
0,0,0,0,28,512.7166667,0.007142857,0.013571429,1.401949127,0,Jul,2,2,7,1,Returning_Visitor,TRUE,TRUE
2,8,2,90.2,13,1286.050476,0.0125,0.019886364,0,0,Aug,2,2,3,2,Returning_Visitor,FALSE,FALSE
0,0,4,225.7666667,222,9630.209524,0.053355457,0.066158871,0,0,June,8,13,9,5,Other,FALSE,FALSE
0,0,0,0,9,140.2,0,0.044444444,0,0,Sep,2,2,9,2,New_Visitor,TRUE,FALSE
1,11,0,0,6,43.7,0,0.057142857,0,0,Oct,2,2,1,2,Returning_Visitor,FALSE,FALSE
1,66.4,0,0,39,606.3666667,0.015789474,0.026754386,0,0,Jul,2,2,1,4,Returning_Visitor,FALSE,FALSE
4,28.73333333,0,0,12,243.75,0,0.038571429,8.150811238,0,June,3,2,4,2,Returning_Visitor,TRUE,TRUE
6,661.7666667,6,204,8,254.25,0.025,0.042222222,0,0,Aug,3,2,4,2,Returning_Visitor,TRUE,FALSE
1,53.4,0,0,18,539.5,0.011111111,0.018888889,0,0,Oct,2,2,3,1,Returning_Visitor,FALSE,FALSE
2,23.8,0,0,6,135.2,0,0.025,0,0,Sep,2,5,3,1,New_Visitor,FALSE,FALSE
2,13,0,0,16,346.3866667,0,0.029411765,0,0,Jul,3,2,3,4,Returning_Visitor,FALSE,FALSE
1,23.96,0,0,94,2103.938772,0.013731061,0.038809156,1.47623044,0,Jul,2,2,1,1,Returning_Visitor,FALSE,FALSE
9,64.5,3,99.6,33,768.4133333,0.004878049,0.013617886,41.34613116,0,Sep,2,2,4,2,Returning_Visitor,FALSE,FALSE
9,358.2583333,3,377.4333333,64,5738.902193,0,0.020187793,12.08836478,0,Oct,2,2,1,13,Returning_Visitor,FALSE,TRUE
0,0,0,0,8,64.6,0.05,0.075,0,0,Jul,2,2,2,13,Returning_Visitor,FALSE,FALSE
0,0,0,0,26,559.56,0.008,0.008,0,0,Jul,1,1,4,4,Returning_Visitor,FALSE,FALSE
2,82.6,0,0,10,352,0,0.007692308,27.19298393,0,Sep,2,2,1,2,New_Visitor,TRUE,TRUE
0,0,0,0,5,53.4,0.12,0.14,0,0,June,3,2,3,13,Returning_Visitor,TRUE,FALSE
2,31.2,0,0,3,55.4,0,0.05,0,0,Oct,2,2,1,5,New_Visitor,FALSE,FALSE
0,0,0,0,9,206.6,0,0.005555556,0,0,Jul,2,4,3,4,New_Visitor,FALSE,FALSE
7,199.85,0,0,39,1267.453333,0.004761905,0.020634921,17.92758699,0,Nov,2,4,1,4,Returning_Visitor,FALSE,FALSE
1,5.5,6,387.5,25,621.2,0,0.009333333,0,0,Jul,3,2,1,4,Returning_Visitor,TRUE,FALSE
0,0,0,0,15,148.9333333,0,0.04,0,0,June,4,2,1,13,Returning_Visitor,FALSE,FALSE
4,64.6,2,28.7,16,597.6,0.019047619,0.018594104,0,0,Oct,3,2,1,5,Returning_Visitor,TRUE,FALSE
0,0,0,0,43,654.0666667,0,0.029844961,0,0,Jul,2,2,7,3,Returning_Visitor,FALSE,FALSE
2,53.4,0,0,2,0,0.05,0.1,0,0,Sep,1,1,6,3,Returning_Visitor,FALSE,FALSE
5,59.9,2,8,84,2359.522438,0.016666667,0.028709742,3.478135617,0,June,1,1,4,3,Returning_Visitor,FALSE,FALSE
1,23.2,0,0,4,44.8,0,0.05,0,0,June,2,10,7,4,Returning_Visitor,TRUE,FALSE
1,0,0,0,23,579.3,0,0.009090909,0,0,Sep,2,2,2,2,New_Visitor,FALSE,FALSE
1,46.4,0,0,13,118.2666667,0,0.014285714,0,0,Jul,1,2,1,4,Returning_Visitor,TRUE,FALSE
8,176.25,1,141,20,651.7658974,0,0.009230769,19.13285864,0,Nov,2,2,4,2,Returning_Visitor,FALSE,TRUE
9,68.4,1,6,30,728.8666667,0.037373737,0.063636364,0,0,Oct,2,2,3,20,Returning_Visitor,TRUE,FALSE
5,265.0433333,1,0,38,1712.776667,0.013333333,0.040833333,0,0,Aug,2,2,8,1,Returning_Visitor,FALSE,FALSE
4,68.73333333,0,0,44,2498.866667,0,0.014444444,11.33062869,0,Oct,2,2,4,1,Returning_Visitor,FALSE,TRUE
9,219.9333333,0,0,56,1371.415714,0.002539683,0.011752445,0,0,Oct,3,2,1,5,Returning_Visitor,TRUE,FALSE
0,0,2,38.2,121,3362.749679,0.025170765,0.042322417,4.212415755,0,Jul,1,1,1,3,Returning_Visitor,FALSE,FALSE
2,70.6,0,0,30,515.2333333,0,0.02,0,0,Aug,1,1,3,1,Returning_Visitor,FALSE,FALSE
0,0,0,0,62,2636.513492,0.04781874,0.061364567,0,0,Jul,3,2,3,13,Returning_Visitor,TRUE,FALSE
1,70,0,0,12,1644.233333,0,0.015384615,0,0,Aug,1,1,4,4,New_Visitor,FALSE,FALSE
8,166.7,0,0,9,171.7,0.016666667,0.05,0,0,Nov,2,2,1,3,Returning_Visitor,FALSE,FALSE
0,0,1,322.4,27,1747.7,0.007692308,0.025641026,0,0,Oct,2,4,5,1,Returning_Visitor,FALSE,FALSE
1,54.4,0,0,6,270.9,0,0.014285714,0,0,Oct,1,1,7,3,New_Visitor,FALSE,FALSE
5,152.1,0,0,27,1474.533333,0.014814815,0.030123457,27.89717093,0,Oct,3,3,6,1,Returning_Visitor,TRUE,FALSE
0,0,0,0,3,255,0,0.066666667,0,0,June,2,2,3,4,Returning_Visitor,FALSE,FALSE
0,0,0,0,25,1131.8,0.024,0.033142857,0,0,June,1,1,4,1,Returning_Visitor,TRUE,FALSE
2,58.4,0,0,5,303.1,0,0.033333333,0,0,Oct,3,2,3,6,Returning_Visitor,FALSE,TRUE
1,106.8,0,0,17,327.5380952,0,0.00625,0,0,Oct,3,2,3,2,New_Visitor,FALSE,FALSE
0,0,0,0,39,1867.033333,0,0.020512821,0,0,Nov,2,4,4,2,Returning_Visitor,FALSE,FALSE
0,0,0,0,1,0,0.2,0.2,0,0,June,2,4,3,4,New_Visitor,FALSE,FALSE
0,0,0,0,3,50.2,0,0.066666667,0,0,Sep,2,2,1,13,Returning_Visitor,FALSE,FALSE
3,82.6,0,0,1,16.2,0,0.05,0,0,Nov,2,2,9,2,New_Visitor,FALSE,FALSE
7,275.0844444,0,0,70,806.0266667,0,0.002666667,0,0,Oct,2,5,1,2,New_Visitor,FALSE,FALSE
1,17.2,0,0,6,243.3,0,0.05,22.09581063,0,Oct,1,8,8,1,Returning_Visitor,FALSE,FALSE
11,189.4833333,1,303.2,91,4864.147143,0,0.002380952,0,0,Oct,2,2,1,2,New_Visitor,TRUE,FALSE
0,0,0,0,13,374.9,0,0.047619048,16.72561819,0,Aug,4,1,1,3,Returning_Visitor,FALSE,TRUE
4,74.5,0,0,22,672.95,0,0.027179487,0,0,Sep,2,2,9,2,Returning_Visitor,FALSE,TRUE
3,33.6,0,0,4,109.5,0,0.013333333,0,0,Oct,3,2,1,2,New_Visitor,FALSE,FALSE
0,0,0,0,19,623.2,0.022222222,0.044444444,0,0,Jul,2,5,4,1,Returning_Visitor,TRUE,FALSE
4,304.6,0,0,7,137.6,0,0.0375,0,0,Aug,3,2,1,5,New_Visitor,FALSE,FALSE
0,0,0,0,36,1083.75163,0.006666667,0.011684359,0,0,June,1,1,3,2,Returning_Visitor,FALSE,FALSE
1,5.5,0,0,103,1955.168685,0.015359477,0.037057104,0,0,June,2,2,9,13,Returning_Visitor,TRUE,FALSE
0,0,0,0,103,3357.053333,0.015533981,0.043527508,0,0,Sep,2,2,4,1,Returning_Visitor,FALSE,FALSE
0,0,0,0,62,1200.354444,0.003225806,0.023655914,0,0,Nov,2,2,4,1,Returning_Visitor,FALSE,FALSE
0,0,0,0,74,1268.266667,0.002702703,0.00954955,0,0,June,2,2,2,4,Returning_Visitor,FALSE,FALSE
0,0,0,0,27,4622,0.027160494,0.090123457,0,0,Oct,2,5,6,1,Returning_Visitor,FALSE,FALSE
2,22.2,0,0,18,470.8966667,0,0.005,0,0,Nov,2,2,2,4,New_Visitor,FALSE,FALSE
0,0,0,0,50,1085.891081,0.025952381,0.041398682,0,0,Oct,1,1,1,4,Returning_Visitor,FALSE,FALSE
3,102.8,0,0,25,1109.233333,0,0.001666667,61.30486592,0,Aug,2,2,6,5,New_Visitor,FALSE,TRUE
4,353.4,2,0,11,587.2,0.013333333,0.04,0,0,Jul,2,5,2,3,Returning_Visitor,TRUE,FALSE
5,151.3333333,0,0,11,283.3333333,0.033333333,0.058333333,13.91046998,0,Nov,2,2,6,20,Returning_Visitor,FALSE,TRUE
2,36.2,3,52,4,48,0.057142857,0.057142857,0,0,Jul,1,1,1,4,Returning_Visitor,TRUE,FALSE
10,208.5133333,0,0,17,369.1,0,0.004,0,0,Sep,3,2,1,6,New_Visitor,FALSE,FALSE
0,0,0,0,26,436.8,0.074074074,0.088888889,0,0,Jul,2,2,1,3,Returning_Visitor,FALSE,FALSE
4,175.8666667,0,0,2,5,0,0.04,0,0,Oct,1,1,3,2,New_Visitor,FALSE,FALSE
5,30,1,4,107,4376.902655,0.007272727,0.021707552,0,0,Oct,2,2,2,4,Returning_Visitor,FALSE,FALSE
1,26.2,0,0,32,1427.676667,0,0.021875,19.9656361,0,Sep,2,4,3,4,Returning_Visitor,FALSE,TRUE
0,0,0,0,16,511.2,0.0125,0.01875,0,0,Jul,2,2,3,3,Returning_Visitor,FALSE,FALSE
6,1672.033333,0,0,28,518.3966667,0.006060606,0.013333333,0,0,Oct,2,2,3,2,Returning_Visitor,TRUE,FALSE
5,187.1,0,0,101,7220.776667,0.001960784,0.013366013,3.998184141,0,Nov,2,2,7,3,Returning_Visitor,FALSE,TRUE
8,133.35,2,383.8,14,552.48,0.005263158,0.016140351,20.33155364,0,Aug,1,1,1,6,Returning_Visitor,FALSE,FALSE
9,570.2666667,0,0,11,259.5533333,0.011111111,0.05,6.80128988,0,Oct,3,2,3,2,Returning_Visitor,FALSE,FALSE
15,238.6838095,0,0,33,799.1049417,0.004347826,0.017574237,19.03293603,0,Sep,3,2,3,2,Returning_Visitor,TRUE,FALSE
6,144.8333333,0,0,23,1007.233333,0,0.027586207,19.57059225,0,Oct,2,2,1,2,Returning_Visitor,FALSE,FALSE
2,40.8,0,0,45,1668.125238,0.004444444,0.024107744,47.57360345,0,Sep,1,1,4,2,Returning_Visitor,FALSE,FALSE
0,0,0,0,7,189.2,0,0.014285714,78.56959864,0,Sep,3,2,3,2,Returning_Visitor,FALSE,TRUE
9,122.2,0,0,51,2303.96,0.019496855,0.036855346,0,0,Aug,2,4,4,2,Returning_Visitor,FALSE,FALSE
0,0,0,0,8,158.42,0,0.05,0,0,June,2,2,1,2,Returning_Visitor,FALSE,FALSE
2,25.2,4,86.6,21,1702.5,0.016666667,0.037179487,0,0,Oct,2,2,7,3,Returning_Visitor,TRUE,FALSE
0,0,0,0,2,11,0,0.1,0,0,Jul,2,2,1,1,Returning_Visitor,TRUE,FALSE
2,73.75,0,0,20,546.669697,0,0.004393939,0,0,Oct,2,2,1,2,Returning_Visitor,FALSE,FALSE
2,68.6,0,0,10,279.7666667,0,0.033333333,0,0,Oct,1,2,7,4,New_Visitor,FALSE,FALSE
1,19.4,0,0,18,1077.373333,0.034126984,0.035714286,18.22752549,0,Nov,3,2,9,2,Returning_Visitor,FALSE,FALSE
10,242.6333333,4,23,47,1534.815256,0.022807018,0.036908939,5.194081873,0,Sep,1,1,1,3,Returning_Visitor,FALSE,FALSE
3,17.94545455,1,6,18,268.4525974,0,0.014267677,0,0,Oct,2,2,1,2,Returning_Visitor,FALSE,TRUE
0,0,0,0,7,116.8,0.028571429,0.114285714,0,0,Jul,2,2,6,13,Returning_Visitor,FALSE,FALSE
6,80.5,1,10.06666667,23,477.7,0,0.007142857,0,0,Jul,4,2,7,2,New_Visitor,TRUE,FALSE
4,158.2,0,0,62,4402.25,0,0.001041667,246.7585902,0,Oct,4,1,8,2,New_Visitor,FALSE,FALSE
0,0,0,0,5,334.4,0,0.025,0,0,Sep,3,2,6,1,Returning_Visitor,FALSE,FALSE
3,180.8,0,0,10,408.4666667,0,0,0,0,Aug,4,1,3,1,Returning_Visitor,TRUE,FALSE
7,2720.5,3,353.4,68,5943.547619,0.032236842,0.038623482,0,0,Jul,3,2,1,13,Returning_Visitor,FALSE,FALSE
2,154.6,2,69.6,20,479.1,0,0.009375,0,0,Sep,3,2,2,1,New_Visitor,FALSE,FALSE
1,125,0,0,24,677.3333333,0,0.032,0,0,Nov,3,2,8,1,Returning_Visitor,FALSE,FALSE
2,75.6,1,11,28,2074.929524,0,0.016935484,0,0,Oct,2,4,3,2,Returning_Visitor,FALSE,FALSE
2,10.3,0,0,142,4204.433333,0.009722222,0.021345899,0.770991864,0,Jul,2,2,4,13,Returning_Visitor,FALSE,FALSE
4,124.6,0,0,4,71,0,0.028571429,0,0,Jul,3,3,4,1,New_Visitor,FALSE,FALSE
12,139.3666667,0,0,13,139.4333333,0,0.007017544,47.30370179,0,Oct,3,2,1,5,New_Visitor,TRUE,FALSE
1,12.06666667,0,0,45,591.2640602,0,0.013028631,0,0,Sep,2,2,1,2,Returning_Visitor,FALSE,TRUE
0,0,0,0,43,3747.833333,0.020930233,0.051162791,0,0,Jul,2,2,3,13,Returning_Visitor,FALSE,FALSE
0,0,0,0,10,274.3,0,0.06,0,0,June,2,2,4,3,Returning_Visitor,FALSE,FALSE
0,0,0,0,21,1280.02,0,0.019047619,7.232201859,0,Nov,2,2,1,20,Returning_Visitor,FALSE,TRUE
3,45.8,0,0,63,2435.697531,0.00952381,0.017460317,0,0,Jul,3,2,4,3,Returning_Visitor,FALSE,FALSE
1,15.2,0,0,81,4536.308139,0.032304527,0.054759418,0,0,Jul,3,2,1,1,Returning_Visitor,FALSE,FALSE
0,0,0,0,15,203.35,0.025,0.066666667,0,0,Sep,2,2,3,3,Returning_Visitor,FALSE,FALSE
4,133.8,2,54.4,13,421.7857143,0,0.023529412,0,0,Nov,1,1,3,2,New_Visitor,FALSE,FALSE
0,0,0,0,31,485.6333333,0.019354839,0.038709677,0,0,Jul,2,2,1,4,Returning_Visitor,FALSE,FALSE
1,21.2,0,0,21,836.1,0,0.004545455,0,0,Oct,2,4,9,4,New_Visitor,FALSE,FALSE
0,0,0,0,30,1500.213333,0,0.003333333,0,0,Oct,2,6,1,1,Returning_Visitor,FALSE,FALSE
0,0,0,0,3,845.3,0,0.033333333,0,0,Sep,1,2,1,2,New_Visitor,TRUE,FALSE
0,0,0,0,8,194.4,0,0.025,0,0,Aug,2,10,6,4,Returning_Visitor,FALSE,FALSE
0,0,0,0,2,58.6,0,0.05,0,0,Jul,1,2,2,1,Returning_Visitor,FALSE,FALSE
0,0,2,842.3,26,1911.711111,0.015384615,0.036666667,8.018832458,0,Jul,3,2,1,2,Returning_Visitor,TRUE,TRUE
0,0,0,0,14,253.1,0.057142857,0.078571429,0,0,June,1,1,2,3,Returning_Visitor,FALSE,FALSE
0,0,0,0,3,36.6,0,0.033333333,0,0,Aug,2,2,6,2,Returning_Visitor,FALSE,FALSE
0,0,0,0,0,0,0.18,0.181818182,0,0,June,2,2,7,6,Returning_Visitor,FALSE,FALSE
0,0,0,0,22,821.8933333,0.001515152,0.042424242,0,0,Jul,2,4,6,1,Returning_Visitor,FALSE,FALSE
2,23,1,80.6,53,1693.73,0.034545455,0.054839161,0,0,Aug,2,2,1,1,Returning_Visitor,FALSE,FALSE
0,0,1,426.2,10,157.0666667,0,0.016666667,32.73061637,0,Jul,2,2,3,2,Returning_Visitor,FALSE,TRUE
0,0,0,0,31,804.0430818,0,0.002090109,0,0,June,3,2,1,3,Returning_Visitor,FALSE,FALSE
9,115.4,0,0,29,1514.703333,0.005,0.011342593,4.702065533,0,Jul,3,2,8,1,Returning_Visitor,TRUE,FALSE
9,211,1,52.4,22,501.0714286,0,0.034666667,0,0,Aug,1,2,1,4,Returning_Visitor,TRUE,TRUE
1,28.2,1,36.2,130,9447.578514,0.012661499,0.025758194,0,0,Sep,1,2,5,1,Returning_Visitor,FALSE,FALSE
2,40.9,0,0,9,437.4,0.018181818,0.027272727,0,0,Jul,3,2,1,5,Returning_Visitor,TRUE,FALSE
10,275.3333333,1,6,19,719.8833333,0,0.018518519,0,0,Sep,2,2,5,5,Returning_Visitor,TRUE,TRUE
2,35.2,0,0,15,521.8666667,0,0.00625,0,0,June,2,2,9,2,New_Visitor,FALSE,FALSE
0,0,0,0,8,55.3,0,0.025,0,0,Jul,1,1,3,3,Returning_Visitor,FALSE,FALSE
8,246.5333333,0,0,79,2150.433333,0.007228916,0.020883534,17.35448787,0,Nov,1,1,1,3,Returning_Visitor,FALSE,FALSE
4,245.8,1,0,28,707.9116667,0,0.017241379,0,0,Sep,1,1,3,2,Returning_Visitor,FALSE,FALSE
0,0,0,0,3,96.7,0,0,0,0,Jul,1,1,1,2,Returning_Visitor,TRUE,FALSE
16,391.6833333,0,0,24,443.75,0,0.006451613,0,0,Aug,2,10,7,3,Returning_Visitor,FALSE,FALSE
4,43.46666667,0,0,4,27.26666667,0,0.028571429,0,0,Sep,1,1,1,5,New_Visitor,FALSE,TRUE
8,452.5,0,0,30,643.4333333,0,0.019047619,0,0,Oct,1,1,9,2,Returning_Visitor,FALSE,FALSE
7,123.2,0,0,16,283.7214286,0.014473684,0.022222222,0,0,Jul,3,2,3,13,Returning_Visitor,FALSE,FALSE
0,0,0,0,25,883.9761905,0.02,0.029333333,0,0,Sep,3,2,3,4,Returning_Visitor,TRUE,FALSE
2,35.3,0,0,3,18.1,0.033333333,0.061111111,0,0,Jul,3,2,3,3,Returning_Visitor,TRUE,TRUE
0,0,0,0,29,1970,0,0,100.7256048,0,Oct,4,1,5,2,Returning_Visitor,FALSE,TRUE
0,0,0,0,4,52.3,0,0.1,0,0,Aug,2,2,6,5,Returning_Visitor,FALSE,FALSE
4,96.8,1,535,9,1888.2,0,0.027272727,0,0,Nov,2,2,9,2,Returning_Visitor,FALSE,FALSE
4,103,0,0,32,1092.183333,0,0.00625,0,0,Jul,2,2,6,1,Returning_Visitor,FALSE,FALSE
2,15.2,0,0,22,244.2,0.027272727,0.063636364,0,0,Aug,2,2,7,1,Returning_Visitor,TRUE,FALSE
4,71.7,0,0,8,74.6,0.109090909,0.127272727,0,0,Jul,3,2,6,13,Returning_Visitor,FALSE,FALSE
6,631.1073171,3,7.6,28,2104.573984,0.007189542,0.034273974,35.51518951,0,Nov,2,2,5,6,Returning_Visitor,FALSE,FALSE
7,94.84,0,0,43,1487.229317,0.004545455,0.019638695,0,0,Oct,2,4,1,2,Returning_Visitor,FALSE,FALSE
11,196.15,0,0,141,2623.580864,0,0.004244028,12.50786523,0,Nov,2,2,6,2,Returning_Visitor,FALSE,FALSE
0,0,0,0,32,875.9333333,0.031770833,0.072395833,0,0,Oct,1,1,3,3,Returning_Visitor,FALSE,FALSE
1,215.6,2,8,27,2968.9,0.021428571,0.036904762,0,0,Nov,3,2,6,1,Returning_Visitor,FALSE,FALSE
6,88.28,0,0,17,310.9714286,0.031578947,0.035247209,0,0,Oct,3,2,1,13,Returning_Visitor,FALSE,FALSE
5,271.75,1,0,40,675.2020988,0.015,0.019412202,0,0,Oct,2,2,3,2,Returning_Visitor,FALSE,FALSE
0,0,2,32.2,41,1321.322222,0,0.021428571,3.979543638,0,Oct,4,1,1,2,Returning_Visitor,FALSE,FALSE
1,8.1,0,0,16,2227.8,0,0.021428571,0,0,Sep,2,2,1,5,New_Visitor,FALSE,TRUE
3,195.4,2,294.6,93,6412.233333,0,0.026687598,0,0,Sep,2,2,9,2,Returning_Visitor,FALSE,TRUE
3,36.2,0,0,2,4,0,0.04,27.79373861,0,Oct,2,2,6,2,New_Visitor,TRUE,FALSE
4,71.33333333,0,0,21,295.3333333,0.016666667,0.058333333,0,0,Jul,2,10,3,2,Returning_Visitor,TRUE,TRUE
0,0,3,44,52,1216.364286,0.050909091,0.073225108,0,0,Sep,3,2,1,13,Returning_Visitor,TRUE,FALSE
0,0,0,0,35,1608.7,0,0.002857143,0,0,Sep,2,4,3,2,New_Visitor,FALSE,FALSE
0,0,0,0,24,1476.021429,0.013043478,0.024378882,0,0,Sep,2,2,8,2,Returning_Visitor,FALSE,FALSE
0,0,0,0,6,1156.5,0,0.033333333,0,0,Nov,2,2,1,20,Returning_Visitor,FALSE,FALSE
3,25.6,0,0,10,327.7733333,0,0.013095238,11.78466261,0,Jul,1,1,1,5,Returning_Visitor,FALSE,TRUE
6,103.9,3,50.2,9,1759.066667,0.011764706,0.024705882,0,0,Sep,1,1,7,5,Returning_Visitor,FALSE,FALSE
11,603.8,2,102.75,305,5018.328289,0.001607717,0.005625881,0,0,Oct,3,2,6,3,Returning_Visitor,FALSE,FALSE
0,0,0,0,3,11,0.066666667,0.133333333,0,0,June,2,2,1,4,Returning_Visitor,FALSE,FALSE
0,0,0,0,31,631.0857143,0.012903226,0.02078853,0,0,June,2,2,8,1,Returning_Visitor,FALSE,FALSE
1,17.2,0,0,4,192.4,0,0.01,0,0,Sep,2,2,2,2,New_Visitor,FALSE,FALSE
0,0,0,0,1,0,0.2,0.2,0,0,Jul,2,4,7,1,Returning_Visitor,FALSE,FALSE
3,61.4,1,0,19,381.6,0.040909091,0.056818182,8.330574815,0,Aug,1,1,4,1,Returning_Visitor,FALSE,TRUE
0,0,0,0,20,1002.366667,0,0.007894737,47.57898514,0,Oct,2,2,4,2,Returning_Visitor,TRUE,TRUE
0,0,0,0,12,213.2833333,0.016666667,0.041666667,0,0,Aug,3,2,3,4,Returning_Visitor,FALSE,FALSE
2,61.5,0,0,15,1950.386667,0,0.007291667,0,0,Nov,2,10,2,4,Returning_Visitor,TRUE,FALSE
4,134.1,0,0,7,110.3,0,0.015151515,0,0,Sep,3,2,1,5,New_Visitor,FALSE,FALSE
1,65.4,0,0,37,2097.42,0.003603604,0.010990991,0,0,Jul,1,1,5,2,Returning_Visitor,FALSE,FALSE
0,0,0,0,60,1288.563333,0,0.017777778,0,0,June,2,4,3,4,Returning_Visitor,FALSE,FALSE
2,55.4,0,0,20,654.2,0,0.00952381,0,0,Sep,4,1,1,2,New_Visitor,TRUE,FALSE
0,0,0,0,2,28.2,0,0.1,0,0,Jul,2,2,1,1,Returning_Visitor,FALSE,FALSE
0,0,0,0,1,0,0.2,0.2,0,0,Nov,2,2,3,13,Returning_Visitor,FALSE,FALSE
0,0,0,0,45,507.1111111,0.008888889,0.024444444,0,0,June,4,2,3,1,Returning_Visitor,FALSE,FALSE
11,456.2333333,1,13,89,1904.653507,0.01827957,0.027002924,0,0,Oct,1,1,4,3,Returning_Visitor,FALSE,FALSE
2,95.3,0,0,14,262.587619,0.0125,0.004910714,0,0,Nov,1,1,4,2,New_Visitor,FALSE,FALSE
0,0,1,37.2,28,761.5,0.006896552,0.032183908,0,0,Jul,2,5,1,1,Returning_Visitor,FALSE,FALSE
7,70.5,0,0,24,463.6940476,0.013620072,0.045071685,0,0,June,2,2,1,1,Returning_Visitor,FALSE,FALSE
0,0,0,0,16,196.3333333,0.0125,0.023958333,0,0,Oct,1,1,3,2,Returning_Visitor,TRUE,FALSE
0,0,0,0,28,403.8333333,0.017857143,0.029829932,0,0,Jul,1,1,6,4,Returning_Visitor,FALSE,FALSE
0,0,0,0,20,799.0619048,0.0125,0.04275,0,0,June,1,1,6,4,Returning_Visitor,FALSE,FALSE
0,0,0,0,17,472.9,0.0125,0.025,0,0,Oct,3,2,3,1,Returning_Visitor,FALSE,FALSE
1,10,1,36.6,78,1983.225629,0.0025,0.007916667,15.50362136,0,June,3,2,1,2,Returning_Visitor,FALSE,FALSE
0,0,0,0,9,311.7,0,0.055555556,0,0,June,2,2,4,13,Returning_Visitor,FALSE,FALSE
2,11,0,0,59,779.2628571,0,0.007471264,0,0,Aug,4,1,1,4,Returning_Visitor,FALSE,FALSE
0,0,0,0,25,334.3833333,0,0.008333333,0,0,Sep,2,2,3,4,Returning_Visitor,FALSE,FALSE
1,15.8,3,97.8,32,1213.65,0.005405405,0.024324324,1.273317415,0,Aug,2,2,3,2,Returning_Visitor,FALSE,TRUE
4,68.66666667,0,0,14,617.15,0,0.004444444,9.253161679,0,Sep,1,1,6,5,New_Visitor,FALSE,TRUE
1,30.86666667,3,7,15,398.2566667,0,0.025,0,0,Nov,1,1,3,2,Returning_Visitor,FALSE,FALSE
0,0,0,0,4,271.4666667,0,0.021428571,0,0,Jul,3,2,1,6,Returning_Visitor,FALSE,FALSE
8,498.9809654,6,433.1,99,2129.989707,0.001869159,0.006805318,129.1013738,0,Nov,2,2,2,1,Returning_Visitor,TRUE,FALSE
0,0,0,0,18,476.1777778,0.05,0.066666667,1.718218835,0,Aug,3,2,5,13,Returning_Visitor,FALSE,FALSE
5,84.34545455,3,106.8,80,4240.036205,0.000169693,0.011635537,1.257695521,0,Jul,3,2,1,2,Returning_Visitor,FALSE,FALSE
0,0,0,0,4,35.33333333,0.05,0.1,0,0,June,1,1,1,2,Returning_Visitor,TRUE,FALSE
1,0,0,0,53,1170.733333,0.007272727,0.025454545,31.90320066,0,Aug,2,4,2,3,Returning_Visitor,FALSE,TRUE
1,32.7,0,0,27,687.1966667,0,0.019393939,0,0,Nov,3,2,1,1,Returning_Visitor,FALSE,FALSE
4,438.8,0,0,4,599,0,0.011111111,0,0,Aug,3,2,3,5,New_Visitor,TRUE,FALSE
0,0,0,0,3,0,0.2,0.2,0,0,Aug,1,1,3,4,Returning_Visitor,FALSE,FALSE
9,181.8166667,0,0,9,126.9166667,0,0.015384615,0,0,Sep,1,1,7,4,Returning_Visitor,FALSE,FALSE
0,0,0,0,7,70.4,0.114285714,0.128571429,0,0,Jul,3,2,4,1,Returning_Visitor,FALSE,FALSE
0,0,0,0,5,27.2,0,0.04,0,0,Nov,2,2,1,4,Returning_Visitor,FALSE,FALSE
1,49.4,0,0,18,213.1714286,0,0.003921569,0,0,Oct,2,2,1,2,New_Visitor,FALSE,FALSE
0,0,0,0,22,681.58,0.00952381,0.025396825,14.63523974,0,Nov,1,1,1,3,Returning_Visitor,TRUE,TRUE
6,141.0583333,0,0,46,1728.866268,0,0.019059741,0,0,June,2,2,7,4,Returning_Visitor,FALSE,FALSE
5,103.9,1,15.1,199,7959.909524,0.028594771,0.058447712,0,0,Aug,2,2,3,13,Returning_Visitor,FALSE,FALSE
0,0,2,10,18,222.3,0.01,0.025,0,0,June,2,2,4,1,Returning_Visitor,TRUE,FALSE
8,112.27,0,0,149,4304.366905,0.01025641,0.027991453,0,0,Sep,2,5,1,1,Returning_Visitor,FALSE,FALSE
0,0,0,0,4,145.2,0,0.025,0,0,Aug,2,4,7,2,Returning_Visitor,FALSE,FALSE
4,227.48,3,432.2,56,4895.26,0.016949153,0.043785311,5.763678818,0,Nov,2,4,3,1,Returning_Visitor,FALSE,FALSE
0,0,0,0,5,186.0666667,0.146666667,0.15952381,0,0,June,3,2,1,13,Returning_Visitor,FALSE,FALSE
2,37.2,0,0,22,295.0333333,0,0.008333333,0,0,Nov,2,4,3,2,New_Visitor,FALSE,FALSE
2,267.8,0,0,6,616.5,0.028571429,0.038095238,0,0,Sep,3,2,3,4,Returning_Visitor,FALSE,FALSE
3,107.8,0,0,11,362.6,0,0.004761905,0,0,Sep,2,2,2,4,Returning_Visitor,FALSE,FALSE
12,232.3404762,1,19.2,22,504.0285714,0,0.003763441,0,0,Sep,1,1,1,3,New_Visitor,FALSE,FALSE
3,50.94615385,1,42.4,38,1323.093695,0.007738095,0.012865853,5.62486136,0,Sep,3,2,8,2,Returning_Visitor,TRUE,FALSE
14,603.9,2,52.4,46,1760.657143,0.01010929,0.0254213,2.006032937,0,Sep,1,1,6,4,Returning_Visitor,TRUE,FALSE
5,168.2,0,0,15,2026.633333,0.008333333,0.039,0,0,Nov,3,2,7,13,Returning_Visitor,FALSE,TRUE
1,18.2,0,0,6,32.2,0.085714286,0.10952381,0,0,June,1,1,1,3,Returning_Visitor,FALSE,FALSE
0,0,0,0,4,157.2,0.04,0.1,0,0,Oct,1,8,3,1,Returning_Visitor,TRUE,FALSE
1,5.5,3,169.2,14,517.66,0.011111111,0.022222222,50.18313917,0,Jul,3,2,1,2,Returning_Visitor,TRUE,FALSE
0,0,0,0,4,1623.666667,0.133333333,0.140833333,0,0,Aug,1,1,1,3,Returning_Visitor,FALSE,FALSE
4,239.6,2,70.5,50,981.5083333,0,0.003636364,0,0,Oct,2,2,2,2,New_Visitor,TRUE,FALSE
10,172.3277778,0,0,20,902.9738095,0,0.009876543,0,0,Sep,4,2,4,4,Returning_Visitor,FALSE,FALSE
3,39.3,0,0,29,316.2,0.006666667,0.02,0,0,Sep,2,2,3,6,Returning_Visitor,FALSE,FALSE
1,28.2,0,0,17,608.2166667,0.047777778,0.051851852,0,0,Jul,2,2,2,1,Returning_Visitor,FALSE,FALSE
2,214.6,3,34.4,1,165.2,0,0.033333333,0,0,Jul,2,2,7,2,Returning_Visitor,FALSE,FALSE
5,154.2,0,0,12,269.5357143,0.004444444,0.006111111,0,0,Aug,3,2,1,4,Returning_Visitor,FALSE,FALSE
2,165.1333333,0,0,87,3220.336667,0.004597701,0.01954023,0,0,June,2,5,8,1,Returning_Visitor,FALSE,TRUE
1,22.2,0,0,43,1257.9,0.00952381,0.020634921,0,0,Sep,2,4,1,3,Returning_Visitor,FALSE,FALSE
12,245.7333333,4,1511.7,439,21857.04648,0.003588626,0.012497612,11.43923328,0,Sep,2,2,1,13,Returning_Visitor,FALSE,FALSE
15,169.0333333,0,0,223,2477.53655,0,0.003694084,0.17982681,0,Oct,2,2,7,3,Returning_Visitor,TRUE,FALSE
6,176.6,2,204.4,45,789.3666667,0,0.004255319,0,0,June,2,5,7,2,New_Visitor,FALSE,FALSE
2,18,2,6,10,363.6,0,0.015384615,0,0,Sep,2,2,1,5,New_Visitor,TRUE,TRUE
0,0,0,0,19,281.4333333,0.038596491,0.082807018,0,0,June,2,2,3,4,Returning_Visitor,FALSE,FALSE
3,81.6,0,0,9,1346.2,0,0.016666667,0,0,Nov,2,2,2,3,New_Visitor,FALSE,FALSE
4,140.0666667,0,0,74,3146.709481,0.0192,0.042311111,0.93770521,0,Jul,1,1,1,1,Returning_Visitor,FALSE,FALSE
0,0,0,0,3,57.4,0,0.133333333,0,0,Aug,3,2,1,3,Returning_Visitor,FALSE,FALSE
0,0,0,0,2,78.1,0.18,0.171428571,0,0,Sep,2,5,3,2,Returning_Visitor,FALSE,FALSE
0,0,0,0,15,431.2,0,0.007142857,0,0,Sep,2,5,9,5,New_Visitor,FALSE,FALSE
9,252.667619,1,0,67,1060.693791,0.022685185,0.029967788,0.131837013,0,Oct,3,2,1,13,Returning_Visitor,FALSE,TRUE
0,0,0,0,24,431.2,0.0125,0.055555556,0,0,Sep,1,8,2,1,Returning_Visitor,FALSE,FALSE
5,43.325,1,295.4,20,675.6846244,0.026634769,0.049669967,0,0,Jul,1,1,4,2,Returning_Visitor,FALSE,FALSE
4,135.4,0,0,2,46.8,0,0.0375,0,0,Sep,1,1,5,2,Returning_Visitor,FALSE,TRUE
0,0,0,0,6,127.4,0,0,0,0,Aug,1,1,8,2,Returning_Visitor,FALSE,FALSE
0,0,0,0,81,2092.67381,0.015,0.027155449,0,0,Oct,2,2,1,1,Returning_Visitor,FALSE,FALSE
0,0,0,0,16,149.9,0.05625,0.1,0,0,June,2,2,7,1,Returning_Visitor,FALSE,FALSE
0,0,0,0,1,0,0.2,0.2,0,0,Sep,2,2,1,1,Returning_Visitor,TRUE,FALSE
5,68.01428571,1,21.2,63,1033.206667,0,0.009068627,0,0,Aug,2,2,2,2,Returning_Visitor,FALSE,FALSE
1,129,1,26.7,28,1392.1,0.031111111,0.056333333,0,0,Sep,3,2,7,13,Returning_Visitor,TRUE,FALSE
0,0,0,0,49,1571.12381,0.004255319,0.010638298,0,0,Jul,2,2,8,4,New_Visitor,TRUE,FALSE
11,362.3,0,0,41,1081.713333,0.01,0.028830409,27.5128393,0,Sep,2,2,1,1,Returning_Visitor,TRUE,FALSE
3,90.7,3,65.4,13,1036.53178,0.035294118,0.048235852,19.74930078,0,Nov,3,2,1,4,Returning_Visitor,TRUE,FALSE
8,760.9,3,206.1,36,2400.667778,0.008527132,0.02372093,0,0,Nov,1,2,7,2,Returning_Visitor,FALSE,FALSE
6,67.4,0,0,13,217.7611111,0.0125,0.025,0,0,Oct,2,2,5,7,Returning_Visitor,TRUE,FALSE
1,17.2,0,0,11,394.8,0,0.027272727,0,0,Nov,2,2,4,13,Returning_Visitor,FALSE,FALSE
1,1566.6,0,0,34,2256.74954,0,0.000250438,0,0,Oct,2,2,3,2,Returning_Visitor,FALSE,FALSE
0,0,0,0,29,1373.933333,0,0.020689655,0,0,Oct,2,4,7,1,Returning_Visitor,FALSE,FALSE
0,0,0,0,4,141,0,0.05,0,0,Aug,4,1,3,3,New_Visitor,FALSE,FALSE
0,0,0,0,34,2091.480392,0.046212121,0.071855922,0,0,Oct,1,1,8,1,Returning_Visitor,FALSE,FALSE
3,59.2,0,0,9,1261.7,0.016666667,0.05,0,0,Aug,2,5,1,5,Returning_Visitor,FALSE,FALSE
3,50.15,0,0,26,1107.116667,0,0.009490509,0,0,Aug,2,2,1,1,Returning_Visitor,FALSE,FALSE
8,166.46,1,25.2,47,981.6014286,0.007272727,0.006818182,0,0,Aug,1,1,1,3,Returning_Visitor,FALSE,FALSE
0,0,0,0,19,187.2,0.068421053,0.131578947,0,0,Nov,3,2,3,13,Returning_Visitor,FALSE,FALSE
1,6,0,0,21,332.8,0,0.008695652,0,0,Sep,2,5,4,5,Returning_Visitor,TRUE,FALSE
5,241.35,0,0,5,244.7,0.011111111,0.033333333,0,0,Nov,2,2,4,1,Returning_Visitor,TRUE,FALSE
4,48.83243423,4,165.6666667,22,365.774339,0.004365079,0.015583028,0,0,Aug,3,2,1,4,Returning_Visitor,FALSE,FALSE
3,60.16666667,0,0,14,2322.866667,0.011764706,0.028431373,0,0,June,2,2,2,1,Returning_Visitor,FALSE,FALSE
4,131.4,0,0,4,199.4,0,0.025,0,0,Aug,2,6,3,5,New_Visitor,FALSE,FALSE
0,0,0,0,5,20.2,0.18,0.186666667,0,0,Aug,3,2,4,20,Returning_Visitor,FALSE,FALSE
4,42.2,0,0,98,2260.838889,0.004040404,0.007070707,32.9346011,0,Nov,2,4,1,3,New_Visitor,FALSE,TRUE
3,62.9,1,0,30,647.518523,0,0.010437463,13.73292849,0,Jul,2,2,3,1,Returning_Visitor,TRUE,TRUE
0,0,0,0,4,288.4333333,0,0.0125,0,0,Aug,1,1,4,2,Returning_Visitor,FALSE,FALSE
0,0,0,0,16,394.5580952,0,0.015,0,0,Oct,2,2,1,20,New_Visitor,FALSE,FALSE
0,0,0,0,9,532,0,0.066666667,0,0,Oct,2,2,3,4,Returning_Visitor,FALSE,FALSE
3,80.6,2,16.2,33,770.1071795,0.005405405,0.016216216,0,0,Oct,3,2,1,5,Returning_Visitor,FALSE,FALSE
3,13,1,0,51,4651.612222,0.004155844,0.020606061,0,0,Jul,2,4,3,4,Returning_Visitor,FALSE,FALSE
3,89.8,0,0,12,355.85,0.013333333,0.016,0,0,Oct,1,1,1,3,New_Visitor,TRUE,FALSE
0,0,0,0,18,432.7666667,0,0.027777778,0,0,Oct,3,2,1,2,Returning_Visitor,FALSE,FALSE
6,177.6,0,0,17,284.7833333,0.009090909,0.022727273,31.99181419,0,Oct,4,1,1,2,Returning_Visitor,FALSE,TRUE
4,103.8,0,0,14,314.2933333,0,0.013333333,79.44353446,0,Jul,2,2,5,2,New_Visitor,FALSE,TRUE
0,0,0,0,13,328.9,0.015384615,0.046153846,0,0,June,2,2,3,3,Returning_Visitor,FALSE,FALSE
0,0,0,0,2,179.8,0,0.033333333,0,0,Nov,3,3,1,3,New_Visitor,TRUE,FALSE
3,230.1,0,0,35,905.1226263,0.017647059,0.019206774,0,0,Jul,3,2,6,1,Returning_Visitor,FALSE,FALSE
10,228.35,0,0,3,28.6,0,0.001851852,0,0,Oct,2,2,7,5,New_Visitor,FALSE,FALSE
12,381.5,1,22.2,154,7835.874629,0.012549679,0.022587818,0,0,Aug,3,2,1,2,Returning_Visitor,TRUE,FALSE
6,188.5,0,0,25,590.6,0,0.003703704,0,0,Aug,2,2,1,2,New_Visitor,TRUE,FALSE
1,37.2,0,0,14,387.7666667,0.013333333,0.031111111,0,0,Oct,1,8,3,1,Returning_Visitor,FALSE,FALSE
1,5,0,0,40,2731.5,0,0.012357724,0,0,Jul,2,10,2,2,Returning_Visitor,TRUE,FALSE
2,34.2,0,0,18,1567.846667,0,0.017894737,0,0,Nov,2,2,1,2,Returning_Visitor,FALSE,FALSE
4,53.4,0,0,4,53.4,0,0.025,0,0,Oct,1,1,7,5,New_Visitor,FALSE,FALSE
0,0,0,0,3,145,0.066666667,0.133333333,0,0,June,2,2,1,3,Returning_Visitor,FALSE,FALSE
8,168.1666667,0,0,70,2146.757984,0,0.009316323,67.30929078,0,Nov,2,4,5,2,Returning_Visitor,FALSE,FALSE
0,0,0,0,1,0,0.2,0.2,0,0,Aug,3,2,1,1,Returning_Visitor,TRUE,FALSE
2,41.2,0,0,36,595.8,0,0.005405405,0,0,Nov,4,2,2,4,Returning_Visitor,FALSE,FALSE
4,160.2,2,21.2,43,1568.320833,0.009183673,0.02292517,28.05716135,0,Oct,1,1,3,2,Returning_Visitor,FALSE,FALSE
2,9,0,0,38,1147.696667,0,0.027642276,3.673829068,0,June,2,2,4,1,Returning_Visitor,FALSE,TRUE
3,214.6,0,0,59,1992.733333,0.003225806,0.034331797,13.18078221,0,Aug,2,2,1,2,Returning_Visitor,TRUE,FALSE
0,0,0,0,18,587.7333333,0,0.022222222,32.52380772,0,Nov,2,2,7,4,Returning_Visitor,TRUE,TRUE
0,0,0,0,21,1294.566667,0.035,0.067,0,0,Oct,1,1,1,1,Returning_Visitor,FALSE,FALSE
3,29.2,0,0,17,652.5666667,0.022222222,0.033333333,24.12558571,0,June,1,1,6,3,Returning_Visitor,FALSE,TRUE
0,0,0,0,77,1750.371795,0.021367521,0.031794872,0,0,Aug,1,1,1,6,Returning_Visitor,FALSE,FALSE
4,26,0,0,12,704.95,0,0.011764706,0,0,Oct,2,4,3,2,Returning_Visitor,FALSE,TRUE
4,59.86,1,38.3,36,725.21,0.005,0.034166667,0,0,Oct,2,2,9,2,Returning_Visitor,TRUE,FALSE
9,399.8,5,923.9,115,7243.649316,0.003225806,0.018928571,3.585439826,0,Aug,2,2,8,4,Returning_Visitor,FALSE,TRUE
0,0,0,0,21,192.9,0.059090909,0.104545455,0,0,Jul,2,2,1,3,Returning_Visitor,TRUE,FALSE
0,0,0,0,2,21.2,0,0.1,0,0,June,2,2,5,1,Returning_Visitor,FALSE,FALSE
6,344.2,3,201.4,51,1693.633333,0.003703704,0.014814815,11.27445733,0,Nov,2,6,1,2,Returning_Visitor,FALSE,FALSE
4,108.5333333,0,0,23,411.4666667,0.051851852,0.072469136,31.91414045,0,Sep,1,1,3,2,Returning_Visitor,FALSE,TRUE
0,0,0,0,9,257.9,0.011111111,0.044444444,0,0,June,1,1,1,20,Returning_Visitor,TRUE,FALSE
0,0,3,44,179,1738.472529,2.73E-05,0.025997611,0,0,Aug,2,4,9,11,Returning_Visitor,FALSE,FALSE
0,0,0,0,8,20.2,0.1,0.175,0,0,June,3,2,1,1,Returning_Visitor,FALSE,FALSE
13,408.6,0,0,21,589.4214286,0.004444444,0.014814815,18.09857173,0,Aug,2,2,8,2,Returning_Visitor,FALSE,TRUE
0,0,0,0,32,1028.566667,0.0125,0.015625,0,0,Aug,1,1,6,3,Returning_Visitor,TRUE,FALSE
0,0,1,0,56,1510.006667,0.074137931,0.094482759,0,0,Aug,3,2,1,3,Returning_Visitor,FALSE,FALSE
1,21.2,0,0,12,249.4095238,0.015384615,0.019230769,0,0,Oct,2,2,8,2,Returning_Visitor,TRUE,FALSE
2,91.6,2,678,66,2101.305092,0,0.010049751,48.04390582,0,Oct,2,2,3,2,Returning_Visitor,FALSE,TRUE
1,77.1,0,0,35,365.5833333,0.017142857,0.026857143,0,0,Nov,2,2,1,4,Returning_Visitor,FALSE,FALSE
3,67.4,2,16.2,8,281.1,0,0.041666667,15.82044157,0,Nov,3,2,1,20,Returning_Visitor,FALSE,TRUE
6,1013.886667,1,378.8,8,230.28,0,0.02254902,13.86451214,0,Sep,2,2,3,2,Returning_Visitor,TRUE,FALSE
7,117.6666667,0,0,74,1540.290115,0.00617284,0.016237507,0,0,Aug,2,2,7,1,Returning_Visitor,FALSE,FALSE
5,401.15,0,0,38,1570.681813,0.005980066,0.015724311,24.51269374,0,Sep,2,4,7,4,Returning_Visitor,FALSE,FALSE
0,0,0,0,40,1178.496667,0.026666667,0.031153846,0,0,Aug,2,2,4,1,Returning_Visitor,FALSE,FALSE
4,206.25,0,0,16,572.65,0,0.011111111,10.17711218,0,Sep,3,2,1,4,Returning_Visitor,TRUE,TRUE
3,552.2,1,0,40,829.8,0.074418605,0.090697674,0,0,Nov,3,2,1,13,Returning_Visitor,FALSE,FALSE
6,130.5,2,439.2,78,5526.080123,0,0.010699588,0.838988251,0,Nov,2,2,9,1,Returning_Visitor,FALSE,FALSE
4,65.6,0,0,25,575.8166667,0,0.007142857,0,0,Nov,2,4,2,20,Returning_Visitor,TRUE,FALSE
0,0,1,0,48,1062.812542,0,0.027253521,0,0,Sep,1,1,4,2,Returning_Visitor,FALSE,FALSE
6,47.3,0,0,14,858.2,0,0.010526316,0,0,Oct,4,1,3,5,New_Visitor,FALSE,TRUE
0,0,0,0,48,3025.333333,0.004166667,0.009375,0,0,Aug,1,1,1,20,Returning_Visitor,FALSE,FALSE
3,57.6,0,0,19,384.4030303,0.009090909,0.020295983,0,0,Sep,3,7,8,2,Returning_Visitor,FALSE,FALSE
0,0,0,0,11,192.7333333,0,0,0,0,Oct,2,2,2,2,New_Visitor,FALSE,FALSE
1,55.4,0,0,29,451.7,0.003448276,0.022988506,0,0,Aug,2,2,3,4,Returning_Visitor,FALSE,FALSE
0,0,0,0,39,1294.599603,0.002702703,0.011568387,0,0,Nov,3,2,1,20,Returning_Visitor,TRUE,FALSE
8,116.9722222,9,2252.033333,19,1135.880556,0.009677419,0.011841507,0,0,Jul,3,2,4,2,Returning_Visitor,TRUE,FALSE
0,0,0,0,5,75.6,0,0,0,0,Oct,1,1,3,4,Returning_Visitor,TRUE,FALSE
8,167.45,1,168.2,33,755.8769841,0.026315789,0.041315789,0,0,Oct,2,2,3,3,Returning_Visitor,FALSE,FALSE
4,32.2,2,28.2,23,934.3166667,0,0.01862069,11.28379079,0,Aug,2,2,5,4,Returning_Visitor,FALSE,FALSE
0,0,0,0,11,164,0.036363636,0.054545455,0,0,Jul,2,5,6,1,Returning_Visitor,FALSE,FALSE
6,100.1,0,0,4,60.4,0,0.022222222,0,0,Sep,2,4,7,2,New_Visitor,FALSE,TRUE
0,0,0,0,6,75.2,0.033333333,0.05,0,0,Jul,3,2,2,3,Returning_Visitor,FALSE,FALSE
0,0,0,0,17,639.7566667,0,0.011764706,63.45892077,0,Oct,2,2,3,4,New_Visitor,FALSE,TRUE
6,69.4,1,25.2,18,1009.55,0,0.002380952,0,0,Jul,2,2,2,2,New_Visitor,FALSE,FALSE
6,288,0,0,16,475.3,0.010526316,0.036842105,0,0,Sep,2,2,2,13,Returning_Visitor,FALSE,FALSE
12,187.775,0,0,98,2138.481263,0.001886792,0.017985395,0.129676893,0,Jul,2,5,3,2,Returning_Visitor,TRUE,FALSE
3,39,0,0,10,176.8,0,0.0375,0,0,June,3,2,5,4,Returning_Visitor,FALSE,FALSE
0,0,0,0,44,1341.716667,0.008888889,0.046666667,0,0,June,2,2,2,2,Returning_Visitor,FALSE,FALSE
2,21,0,0,9,84.1,0,0.006060606,0,0,Oct,2,2,3,2,New_Visitor,FALSE,FALSE
0,0,2,110.8666667,67,3264.128466,0.01352657,0.021901262,0,0,Aug,1,1,1,2,Returning_Visitor,FALSE,FALSE
4,57.3,0,0,25,488.7166667,0.021428571,0.067517007,0,0,June,2,5,1,1,Returning_Visitor,FALSE,FALSE
3,40.6,0,0,18,340.9166667,0,0.018253968,0,0,Aug,2,4,3,5,Returning_Visitor,FALSE,FALSE
0,0,0,0,9,250.2,0.022222222,0.033333333,0,0,June,2,2,4,1,Returning_Visitor,FALSE,FALSE
6,91.2,1,69.6,29,1618.233333,0,0.01620753,9.231934863,0,Nov,2,2,1,6,Returning_Visitor,FALSE,FALSE
2,17.2,0,0,18,168.5285714,0.010526316,0.024561404,0,0,Oct,1,1,3,2,Returning_Visitor,FALSE,FALSE
3,26,0,0,20,384.8,0,0.027272727,0,0,Jul,2,4,1,4,Returning_Visitor,FALSE,TRUE
5,102.8666667,0,0,12,219.6,0,0.035294118,0,0,Oct,2,2,6,20,Returning_Visitor,FALSE,FALSE
0,0,0,0,21,1041.733333,0,0.053333333,0,0,Nov,3,2,8,1,Returning_Visitor,FALSE,FALSE
0,0,0,0,43,1606.45,0,0.004761905,18.51505467,0,June,4,1,1,2,New_Visitor,FALSE,TRUE
0,0,0,0,30,599.9190476,0,0.004285714,0,0,Jul,1,1,1,4,Returning_Visitor,FALSE,FALSE
0,0,0,0,19,1138.793636,0,0.007017544,0,0,Aug,2,4,3,2,Returning_Visitor,FALSE,FALSE
11,110.7866667,5,89.1,230,9050.459482,0.006722689,0.01755845,2.664994971,0,June,2,2,6,1,Returning_Visitor,FALSE,FALSE
1,14.2,2,133,13,825.7990476,0.04,0.041666667,14.8397824,0,Nov,3,2,4,2,Returning_Visitor,FALSE,FALSE
2,39.2,0,0,19,1553.8,0.045,0.0825,0,0,Oct,3,2,9,13,Returning_Visitor,FALSE,FALSE
0,0,0,0,5,43.2,0.08,0.12,0,0,Jul,2,2,3,13,Returning_Visitor,TRUE,FALSE
5,106.8,0,0,84,1242.776046,0,0.006589147,4.17431402,0,Nov,1,1,2,4,Returning_Visitor,TRUE,FALSE
5,211.05,0,0,75,3275.113333,0,0.009824561,29.61151281,0,Aug,4,1,1,3,Returning_Visitor,FALSE,TRUE
1,6,0,0,23,2767.2,0,0.008333333,0,0,Sep,2,2,7,1,New_Visitor,FALSE,FALSE
10,700.6333333,0,0,29,4897.845238,0,0.015740741,0.700155006,0,Sep,3,2,1,5,Returning_Visitor,TRUE,FALSE
0,0,0,0,6,222.4,0,0.033333333,63.55337685,0,Jul,1,1,4,4,Returning_Visitor,TRUE,FALSE
2,12.6,0,0,7,62.8,0,0.022222222,0,0,June,1,1,4,4,Returning_Visitor,FALSE,FALSE
0,0,0,0,27,263.2666667,0,0.038518519,0,0,June,2,2,1,3,Returning_Visitor,FALSE,FALSE
0,0,0,0,27,1871.9,0.014814815,0.020740741,0,0,Sep,1,1,1,3,Returning_Visitor,FALSE,FALSE
3,102.6,0,0,35,871.8333333,0,0.002631579,0,0,Oct,1,1,1,2,New_Visitor,TRUE,FALSE
8,139.2,0,0,49,3346.969048,0,0.008471594,12.5740183,0,Nov,2,6,1,2,Returning_Visitor,FALSE,FALSE
6,134.36,0,0,22,568.9683333,0.017391304,0.021614907,12.39204312,0,Sep,1,2,6,2,Returning_Visitor,TRUE,TRUE
4,65.9,0,0,73,3799.2,0.079279279,0.08481982,0,0,Aug,3,2,3,13,Returning_Visitor,FALSE,FALSE
0,0,1,0,5,85.6,0.011111111,0.046666667,0,0,June,3,2,6,2,Returning_Visitor,FALSE,FALSE
4,69.23333333,3,1657.3,26,2306.047619,0.046666667,0.076388889,5.761347436,0,Oct,1,1,2,3,Returning_Visitor,FALSE,FALSE
0,0,0,0,3,0,0.2,0.2,0,0,Jul,1,2,8,1,Returning_Visitor,FALSE,FALSE
1,72.6,0,0,44,1256.825,0,0,0,0,Nov,1,1,4,5,New_Visitor,FALSE,FALSE
14,1220.914286,4,1005.4,280,18171.79454,0.017486109,0.038980418,5.697658998,0,Jul,2,2,1,3,Returning_Visitor,FALSE,FALSE
6,754.5333333,0,0,8,749.2333333,0,0.008974359,0,0,Nov,3,2,3,1,Returning_Visitor,FALSE,FALSE
0,0,0,0,2,93.6,0,0.05,0,0,Oct,2,4,1,2,Returning_Visitor,TRUE,FALSE
1,46,0,0,98,3098.649444,0.018814433,0.037472815,6.153201384,0,Aug,2,2,6,1,Returning_Visitor,FALSE,FALSE
1,28.2,0,0,2,0,0.066666667,0.133333333,0,0,June,1,8,2,3,New_Visitor,TRUE,FALSE
6,113,0,0,18,359.4,0.008333333,0.05,0,0,Sep,2,2,3,1,Returning_Visitor,FALSE,FALSE
8,1013.171429,4,353.9666667,90,4984.371429,0.042666667,0.066033333,1.464010432,0,Aug,2,2,3,13,Returning_Visitor,TRUE,FALSE
0,0,0,0,6,102.2,0,0,40.27815244,0,Oct,2,2,2,20,Returning_Visitor,FALSE,TRUE
8,131,0,0,32,5330.633333,0.008108108,0.051351351,0,0,Aug,2,2,2,1,Returning_Visitor,TRUE,FALSE
0,0,0,0,1,0,0.2,0.2,0,0,June,2,2,1,3,Returning_Visitor,FALSE,FALSE
4,102.3,0,0,59,1684.496667,0,0.00952381,25.85442016,0,Nov,2,2,2,4,Returning_Visitor,FALSE,FALSE
0,0,0,0,66,1216.352121,0,0,62.853261,0,Sep,2,2,4,2,New_Visitor,FALSE,TRUE
4,99.33333333,1,103.8,40,2011.966667,0.018181818,0.023484848,9.869649371,0,Oct,2,2,1,20,Returning_Visitor,FALSE,TRUE
2,17.2,0,0,0,0,0,0.05,0,0,Sep,2,2,2,6,New_Visitor,TRUE,TRUE
3,79.22,2,297.8333333,62,1685.747985,0,0.013128205,0,0,Jul,2,2,3,2,Returning_Visitor,FALSE,FALSE
1,51.4,0,0,25,1417.022222,0.022666667,0.055466667,0,0,Jul,3,2,1,2,Returning_Visitor,FALSE,FALSE
6,92.57142857,1,793.8,38,2436.605534,0,0.035895135,27.31414742,0,Jul,2,10,1,2,Returning_Visitor,FALSE,FALSE
2,112.9,0,0,32,505.55,0,0.003225806,0,0,Oct,2,2,6,2,New_Visitor,FALSE,FALSE
0,0,0,0,4,43.2,0,0.05,0,0,Jul,3,2,4,3,Returning_Visitor,FALSE,FALSE
3,67.2,0,0,46,987.1190476,0.004081633,0.012244898,22.25592956,0,Sep,2,2,8,4,Returning_Visitor,FALSE,TRUE
0,0,2,76.6,377,11729.40804,0.032877299,0.04524582,0,0,Jul,3,2,1,3,Returning_Visitor,FALSE,FALSE
0,0,0,0,3,103.6,0,0.033333333,0,0,Jul,3,2,1,6,Returning_Visitor,FALSE,FALSE
0,0,0,0,4,14.2,0.1,0.15,0,0,Oct,1,1,1,1,Returning_Visitor,TRUE,FALSE
4,69.96666667,0,0,28,2728.755,0,0.009313725,0,0,Oct,1,1,1,5,Returning_Visitor,FALSE,FALSE
5,78.63333333,0,0,7,176.8333333,0,0.023076923,0,0,Jul,2,4,1,5,New_Visitor,FALSE,FALSE
0,0,0,0,6,111.6,0,0.016666667,24.9184548,0,Oct,1,2,3,2,Returning_Visitor,TRUE,TRUE
6,186.6666667,2,100.8,11,347.4,0,0.015,0,0,Aug,3,2,4,5,Returning_Visitor,FALSE,TRUE
0,0,0,0,8,286.7,0.05,0.075,0,0,Jul,3,2,1,1,Returning_Visitor,FALSE,FALSE
2,145.2,0,0,14,266.66,0.0125,0.029166667,0,0,Sep,3,2,3,1,Returning_Visitor,FALSE,FALSE
0,0,0,0,12,222.2557143,0.009090909,0.012121212,0,0,Sep,3,2,5,2,Returning_Visitor,FALSE,FALSE
6,106.18,2,115.8,32,518.4433333,0.001960784,0.014215686,0,0,Aug,3,2,6,4,Returning_Visitor,FALSE,FALSE
0,0,0,0,10,490.5666667,0.02,0.035,0,0,June,3,2,2,1,Returning_Visitor,FALSE,FALSE
0,0,0,0,94,9836.068333,0.007446809,0.028191489,0,0,Sep,2,2,1,13,Returning_Visitor,FALSE,FALSE
5,140.6,0,0,16,423.5,0.0125,0.0125,0,0,Aug,3,2,1,3,Returning_Visitor,TRUE,FALSE
2,38.04,0,0,8,886.57,0,0.030769231,0,0,Nov,1,1,1,2,Returning_Visitor,FALSE,FALSE
2,9,0,0,18,558.1933333,0,0.011111111,0,0,Aug,2,2,3,1,Returning_Visitor,FALSE,FALSE
6,440.2813953,1,17.72,18,864.1,0,0.002777778,0,0,Sep,2,2,5,2,New_Visitor,FALSE,FALSE
9,216.23,1,140.5,310,8468.339278,0.002821317,0.012414294,0.875047932,0,Sep,2,10,3,2,Returning_Visitor,TRUE,FALSE
7,154.4,0,0,33,1267.06,0.021621622,0.040540541,0,0,June,2,2,1,3,Returning_Visitor,FALSE,FALSE
5,153,0,0,25,1074.683333,0.0125,0.01875,19.23268976,0,Nov,1,1,6,4,Returning_Visitor,FALSE,FALSE
0,0,0,0,12,139.8,0.066666667,0.091666667,0,0,Aug,3,2,1,13,Returning_Visitor,FALSE,FALSE
1,39.2,0,0,23,526,0,0.002173913,0,0,Oct,4,2,3,2,Returning_Visitor,FALSE,FALSE
3,37.6,0,0,12,299.2666667,0,0.030769231,0,0,Sep,3,2,1,6,Returning_Visitor,FALSE,FALSE
1,45.4,0,0,60,2580.634935,0,0.009442743,0,0,Oct,1,1,1,2,Returning_Visitor,FALSE,FALSE
0,0,2,101.7,42,1892.198319,0,0.004545455,153.5776975,0,Aug,2,2,1,1,Returning_Visitor,FALSE,TRUE
3,82.53333333,1,0,19,668.7,0.022727273,0.032424242,11.5952257,0,Nov,1,1,3,2,Returning_Visitor,FALSE,FALSE
1,227.6,0,0,27,1301.3,0.020689655,0.022413793,5.904407563,0,Aug,2,2,1,3,Returning_Visitor,FALSE,FALSE
2,129,0,0,16,1835.5,0.003703704,0.031481481,0,0,Aug,2,4,9,6,Returning_Visitor,FALSE,FALSE
0,0,0,0,10,155.9,0.02,0.04,0,0,Jul,2,2,6,20,Returning_Visitor,FALSE,FALSE
0,0,0,0,3,36.4,0.066666667,0.1,0,0,June,3,2,1,13,Returning_Visitor,FALSE,FALSE
3,273.66,0,0,24,751.6266667,0.004571429,0.024838095,14.85337253,0,Jul,3,2,2,1,Returning_Visitor,TRUE,FALSE
5,32.6,0,0,70,939.7833333,0,0.002702703,0,0,Aug,2,4,1,5,New_Visitor,TRUE,TRUE
2,22.2,0,0,18,584.74,0.005882353,0.023529412,0,0,Aug,1,1,3,2,Returning_Visitor,FALSE,FALSE
4,381.8,0,0,1,31.2,0,0.04,0,0,Sep,2,4,4,2,Returning_Visitor,TRUE,FALSE
0,0,0,0,42,570.1832287,0.01,0.016547619,0,0,Aug,2,2,1,2,Returning_Visitor,FALSE,FALSE
0,0,1,0,14,331.55,0.013333333,0.017777778,0,0,June,1,1,1,2,Returning_Visitor,TRUE,FALSE
0,0,0,0,15,469.8681818,0,0.014285714,0,0,Nov,2,2,8,2,New_Visitor,FALSE,FALSE
0,0,0,0,31,881.4416667,0.017204301,0.02609319,0,0,Oct,3,2,2,13,Returning_Visitor,TRUE,FALSE
0,0,3,541,32,776.9232515,0.001176471,0.013779093,0,0,Nov,1,1,3,20,Returning_Visitor,FALSE,FALSE
4,423.1,0,0,16,982.6,0,0.005263158,0,0,Nov,3,2,2,20,Returning_Visitor,TRUE,FALSE
3,103.8,0,0,4,683.4,0.057142857,0.04,0,0,Aug,3,2,6,1,Returning_Visitor,FALSE,FALSE
15,104.6545455,1,148,48,1029.170303,0.001724138,0.022131145,16.96712066,0,Jul,2,2,6,1,Returning_Visitor,FALSE,FALSE
0,0,0,0,12,797.84,0,0.018181818,0,0,Aug,2,2,3,4,Returning_Visitor,FALSE,FALSE
4,211.8,0,0,15,512.9,0,0.00625,0,0,Nov,1,1,3,2,New_Visitor,FALSE,FALSE
0,0,0,0,1,0,0.2,0.2,0,0,June,2,2,1,4,Returning_Visitor,FALSE,FALSE
0,0,0,0,49,1023.96,0.034693878,0.057823129,0,0,Aug,2,2,3,3,Returning_Visitor,FALSE,FALSE
0,0,0,0,12,146.1333333,0.05,0.066666667,0,0,Jul,2,2,1,1,Returning_Visitor,FALSE,FALSE
7,54.84285714,7,475.2,20,393.4095238,0.027380952,0.033928571,0,0,Jul,2,2,1,4,Returning_Visitor,FALSE,TRUE
0,0,0,0,16,129.5833333,0.075,0.0875,0,0,June,3,2,1,13,Returning_Visitor,TRUE,FALSE
1,7.1,0,0,16,222.2333333,0,0.029411765,0,0,June,2,5,3,2,Returning_Visitor,FALSE,FALSE
11,265.4333333,2,35.7,158,2110.255093,0.003614458,0.009762498,0,0,Aug,3,2,8,1,Returning_Visitor,FALSE,FALSE
1,38.2,0,0,24,1282.953333,0.034782609,0.049565217,0,0,Nov,2,2,4,1,Returning_Visitor,TRUE,FALSE
0,0,1,11,54,1299.196667,0.003636364,0.022545455,0,0,Sep,1,1,3,2,Returning_Visitor,TRUE,FALSE
1,197.4,0,0,83,1631.4,0.027380952,0.068650794,0,0,Oct,2,2,3,13,Returning_Visitor,FALSE,FALSE
0,0,0,0,16,340.65,0.060416667,0.063690476,0,0,Sep,3,2,2,3,Returning_Visitor,TRUE,FALSE
0,0,0,0,8,846.2,0,0.025,33.22292729,0,Jul,2,2,1,2,Returning_Visitor,FALSE,TRUE
0,0,0,0,4,39.95,0,0.05,0,0,Jul,3,2,1,4,Returning_Visitor,TRUE,FALSE
1,58.4,0,0,18,1045.3,0,0.026315789,0,0,Sep,2,2,2,1,Returning_Visitor,FALSE,FALSE
6,107.04,3,53.2,114,5066.6611,0.006666667,0.016180556,0,0,Nov,3,2,3,3,Returning_Visitor,TRUE,FALSE
2,28.2,1,0,114,3161.074762,0.017699115,0.042576205,0,0,Aug,2,2,2,1,Returning_Visitor,FALSE,FALSE
4,209.5,0,0,23,1780.7,0,0.011538462,0,0,Nov,2,2,3,2,New_Visitor,FALSE,FALSE
0,0,0,0,1,0,0.2,0.2,0,0,Nov,2,4,1,2,Returning_Visitor,FALSE,FALSE
3,23,0,0,16,431.9,0.010526316,0.033684211,0,0,Jul,2,2,7,13,Returning_Visitor,TRUE,FALSE
4,115.7,0,0,16,655.3833333,0,0.012037037,0,0,Nov,1,1,2,3,Returning_Visitor,FALSE,FALSE
3,41.2,1,99.8,2,10,0,0.033333333,0,0,Nov,1,2,4,2,Returning_Visitor,FALSE,FALSE
12,255.5166667,0,0,38,436.8583333,0,0.010852713,0,0,Oct,2,2,7,5,Returning_Visitor,TRUE,FALSE
8,108.7,0,0,85,2651.943186,0.000888889,0.01426455,0.898495409,0,Jul,2,2,9,4,Returning_Visitor,FALSE,FALSE
4,34.2,0,0,27,809.6933333,0.023214286,0.033826531,27.6509675,0,Sep,3,2,4,13,Returning_Visitor,TRUE,FALSE
0,0,0,0,37,456.15,0.121621622,0.131891892,0,0,Jul,3,2,1,3,Returning_Visitor,TRUE,FALSE
3,39.2,0,0,12,209,0,0.02,0,0,Sep,2,5,6,2,Returning_Visitor,FALSE,FALSE
4,234.3,0,0,2,11.1,0,0.04,0,0,Oct,1,1,8,5,New_Visitor,TRUE,FALSE
5,44.01666667,0,0,4,162.5333333,0,0,39.27673964,0,Aug,4,2,1,2,Returning_Visitor,FALSE,TRUE
4,20,0,0,34,461.2333333,0,0.022685185,0,0,Jul,2,4,1,4,Returning_Visitor,TRUE,FALSE
8,116.9607143,4,225.3666667,42,539.227381,0.015510204,0.011281179,0,0,Jul,1,1,1,4,Returning_Visitor,FALSE,TRUE
3,142.2,0,0,24,755,0,0.007407407,0,0,Oct,2,5,7,2,New_Visitor,TRUE,FALSE
9,501.4833333,0,0,97,2293.490129,0.011455734,0.02697054,2.209972688,0,Aug,1,1,3,4,Returning_Visitor,FALSE,FALSE
6,207.0928571,1,52.4,35,2239.502857,0.010833333,0.024333333,0,0,Nov,1,1,8,3,Returning_Visitor,FALSE,FALSE
1,14.2,0,0,22,839.568189,0,0.000952381,60.58437066,0,Nov,3,2,3,2,New_Visitor,TRUE,TRUE
0,0,0,0,27,1838.15,0.053205128,0.056282051,0,0,June,3,2,2,3,Returning_Visitor,FALSE,FALSE
10,2407.42381,3,434.3,486,23050.10414,0.000323719,0.011248517,0,0,Jul,2,2,1,3,Returning_Visitor,FALSE,FALSE
6,60.36666667,3,189.3,12,304.7,0,0.038596491,2.848312236,0,June,2,2,1,4,Returning_Visitor,FALSE,TRUE
6,78.51333333,1,63.4,110,1691.236147,0.003448276,0.019359924,19.18310758,0,Aug,2,2,7,4,Returning_Visitor,TRUE,FALSE
1,6,0,0,25,1177.506667,0.008333333,0.0375,0,0,Oct,2,2,3,1,Returning_Visitor,FALSE,FALSE
0,0,0,0,65,6053.466667,0.005208333,0.026197917,0,0,Sep,2,4,9,3,Returning_Visitor,FALSE,FALSE
4,117.32,2,15,230,6978.613711,0.015327635,0.036530714,0,0,Jul,2,2,6,1,Returning_Visitor,TRUE,FALSE
0,0,0,0,1,0,0.2,0.2,0,0,Sep,4,1,2,1,Returning_Visitor,FALSE,FALSE
2,67.6,0,0,8,183.8,0,0.02,0,0,Oct,1,1,1,5,New_Visitor,FALSE,FALSE
2,75.6,2,652.8,10,1143.666667,0,0.023333333,0,0,Aug,2,2,4,2,Returning_Visitor,FALSE,FALSE
0,0,0,0,19,753.3,0,0.002222222,0,0,Aug,2,4,1,4,Returning_Visitor,FALSE,FALSE
1,137.5,1,59.4,53,1844.65,0.022641509,0.049595687,0,0,June,4,2,1,3,Returning_Visitor,FALSE,FALSE
3,89.25,0,0,8,67.85,0.018181818,0.033333333,0,0,June,2,2,8,1,Returning_Visitor,FALSE,TRUE
0,0,0,0,9,281.5,0,0.008333333,0,0,Oct,4,2,9,7,Returning_Visitor,FALSE,FALSE
9,1104.2,0,0,36,1826.441667,0.007317073,0.012601626,0,0,Oct,1,1,3,2,Returning_Visitor,TRUE,FALSE
1,56.4,1,14.2,24,1183.826667,0,0.005128205,0,0,Jul,2,2,8,2,New_Visitor,TRUE,FALSE
0,0,0,0,153,4565.930621,0.00130719,0.006432173,6.189215434,0,Aug,2,2,4,1,Returning_Visitor,TRUE,TRUE
3,73.6,0,0,10,104.95,0,0.001851852,0,0,Oct,3,2,3,2,Returning_Visitor,TRUE,FALSE
3,152,1,64.4,9,358.4,0,0.015384615,0,0,Oct,2,2,1,2,New_Visitor,TRUE,FALSE
0,0,0,0,3,50.4,0,0.066666667,0,0,Jul,2,2,3,1,Returning_Visitor,FALSE,FALSE
1,65.4,0,0,55,1033.65,0.017857143,0.024404762,0,0,Oct,3,2,1,1,Returning_Visitor,FALSE,FALSE
0,0,0,0,5,64,0,0.1,0,0,Sep,2,2,6,2,Returning_Visitor,FALSE,FALSE
8,279.2666667,0,0,16,453.4,0,0.011403509,0,0,Jul,3,2,8,4,Returning_Visitor,FALSE,FALSE
5,318.2666667,0,0,23,1037.833333,0.017857143,0.039285714,0,0,Aug,2,2,5,1,Returning_Visitor,FALSE,FALSE
0,0,0,0,42,2385.666667,0.003333333,0.035833333,0,0,Jul,2,5,7,1,Returning_Visitor,FALSE,FALSE
0,0,0,0,3,0,0.2,0.2,0,0,Nov,1,1,6,6,Returning_Visitor,FALSE,FALSE
12,217.6491228,4,1009.733333,38,1639.069361,0.02173913,0.031621722,5.287005762,0,Sep,3,2,6,1,Returning_Visitor,TRUE,FALSE
7,317.9142857,4,216.5666667,35,910.0809524,0,0.01,40.78047078,0,Sep,2,4,3,5,New_Visitor,FALSE,FALSE
4,30.3,0,0,7,493.4,0,0.016666667,0,0,Oct,2,5,1,2,New_Visitor,FALSE,TRUE
0,0,0,0,34,538.48,0,0.005882353,5.860439769,0,Sep,2,2,7,2,Returning_Visitor,FALSE,TRUE
8,289,0,0,139,5107.034928,0.01544437,0.044005026,8.304903935,0,Aug,2,2,2,1,Returning_Visitor,FALSE,FALSE
0,0,0,0,4,34.2,0.05,0.1,0,0,Oct,2,2,1,5,Returning_Visitor,FALSE,FALSE
0,0,0,0,36,788.5,0,0.025,0,0,Nov,2,6,3,3,Returning_Visitor,FALSE,FALSE
3,33.46666667,0,0,113,1576.252222,0.003508772,0.009314954,40.08238165,0,June,2,2,7,3,Returning_Visitor,FALSE,FALSE
0,0,0,0,12,223.8,0.027777778,0.017777778,0,0,Jul,1,1,2,4,Returning_Visitor,TRUE,FALSE
3,50.37333333,4,63.1,91,3827.498846,0.057801418,0.072399527,0,0,Sep,3,2,6,13,Returning_Visitor,FALSE,FALSE
4,50.93333333,0,0,67,860.021746,0,0.002083333,0,0,Sep,2,4,1,5,New_Visitor,FALSE,FALSE
4,45.8,2,43.2,30,1021.838095,0,0.005882353,40.43578994,0,Nov,2,2,4,2,New_Visitor,FALSE,FALSE
0,0,0,0,5,150.8,0,0.02,0,0,Aug,1,1,1,2,Returning_Visitor,FALSE,FALSE
1,0,1,66.4,14,668.3166667,0.014285714,0.028571429,44.89345937,0,Oct,4,2,1,20,Returning_Visitor,TRUE,TRUE
7,397.2644444,1,246.8,23,672.2644444,0.032051282,0.046153846,0,0,Oct,3,2,4,1,Returning_Visitor,FALSE,FALSE
7,105.4666667,0,0,44,778.9666667,0,0.004166667,37.92414395,0,Aug,2,2,6,2,New_Visitor,FALSE,TRUE
9,306.46,0,0,40,550.7095238,0,0.00952381,0,0,Sep,2,2,1,2,Returning_Visitor,FALSE,FALSE
3,67.86666667,2,12,16,393,0,0.015,0,0,Sep,2,10,1,5,New_Visitor,FALSE,FALSE
5,140.6,0,0,81,2408.312828,0.002554278,0.007459475,23.07581495,0,Oct,2,4,1,2,Returning_Visitor,FALSE,TRUE
5,60.8,0,0,3,20.6,0,0.033333333,0,0,Aug,2,5,5,2,New_Visitor,TRUE,FALSE
0,0,0,0,101,2611.747653,0.004356436,0.029287373,0,0,Oct,2,2,1,1,Returning_Visitor,FALSE,FALSE
0,0,0,0,27,458.2560317,0.007407407,0.022222222,38.12368584,0,June,1,1,2,2,Returning_Visitor,FALSE,TRUE
3,96.8,0,0,29,2041.626667,0.026075269,0.047324629,0,0,Sep,2,2,3,1,Returning_Visitor,FALSE,FALSE
9,779,0,0,15,1386.35,0.016666667,0.02747619,6.344631767,0,Aug,1,2,1,4,Returning_Visitor,FALSE,FALSE
7,778.4,0,0,17,827.5333333,0,0.018181818,0,0,Sep,1,2,6,2,Returning_Visitor,FALSE,FALSE
2,28.05714286,0,0,73,2260.857143,0.002666667,0.018933333,0,0,June,2,2,7,4,Returning_Visitor,TRUE,FALSE
0,0,0,0,10,158.3666667,0,0,54.9950922,0,Jul,2,2,1,1,Returning_Visitor,FALSE,TRUE
2,76.6,0,0,33,1932.716667,0,0.025196078,0,0,Aug,2,2,4,13,Returning_Visitor,FALSE,FALSE
2,134,0,0,15,284.1,0,0.011764706,0,0,Nov,2,4,8,2,New_Visitor,FALSE,FALSE
1,18.2,0,0,58,2007.206667,0.003448276,0.027298851,0,0,Jul,4,2,8,1,Returning_Visitor,FALSE,FALSE
5,368.4,0,0,14,481.9666667,0.010526316,0.031578947,0,0,Sep,1,1,1,2,Returning_Visitor,FALSE,FALSE
7,54.33333333,0,0,9,619.5333333,0,0.025,0,0,Oct,4,5,3,11,Returning_Visitor,FALSE,FALSE
5,87.8,0,0,38,842.4235931,0,0.011382114,52.28594057,0,Oct,1,1,1,2,Returning_Visitor,TRUE,TRUE
7,58.6,0,0,20,585.8833333,0.017391304,0.044637681,0,0,Jul,1,1,1,4,Returning_Visitor,TRUE,FALSE
0,0,0,0,12,599.6133333,0,0.020833333,0,0,Nov,2,2,4,20,Returning_Visitor,TRUE,FALSE
2,190.4,1,274,39,1321.853333,0.00952381,0.018253968,0,0,Aug,2,2,8,4,Returning_Visitor,FALSE,FALSE
0,0,0,0,5,60.9,0.04,0.12,0,0,Aug,1,1,1,3,Returning_Visitor,FALSE,FALSE
0,0,0,0,8,321.2333333,0,0.0125,0,0,Jul,3,5,1,1,Returning_Visitor,FALSE,FALSE
2,213.6,4,108,19,989.3333333,0.029166667,0.0375,0,0,June,1,1,1,2,Returning_Visitor,TRUE,FALSE
14,293.6333333,3,11.5,182,3539.944615,0.010209424,0.033524993,0.702086761,0,Aug,2,5,1,1,Returning_Visitor,FALSE,FALSE
2,7,0,0,15,533.11,0.011111111,0.05,4.307627247,0,Nov,2,2,1,3,Returning_Visitor,FALSE,FALSE
1,22.2,0,0,16,694.4549784,0,0.001470588,54.91911804,0,Sep,2,2,7,2,New_Visitor,FALSE,TRUE
0,0,0,0,4,6,0.1,0.15,0,0,June,2,2,2,4,Returning_Visitor,FALSE,FALSE
0,0,0,0,16,709.4,0.1125,0.145833333,0,0,Aug,2,2,9,1,Returning_Visitor,FALSE,FALSE
8,126,1,13.4,13,217.7166667,0.033333333,0.062,0,0,Oct,2,2,1,13,Returning_Visitor,FALSE,FALSE
4,54.93333333,0,0,35,1126.666667,0,0.005952381,28.32886648,0,Jul,2,2,7,2,Returning_Visitor,FALSE,FALSE
0,0,0,0,6,1054.3,0.066666667,0.1,0,0,Jul,2,12,6,3,Returning_Visitor,FALSE,FALSE
1,27.2,0,0,21,1003.658333,0.010526316,0.019064327,0,0,Oct,3,2,4,20,Returning_Visitor,FALSE,FALSE
6,322.35,0,0,33,1845.394615,0,0.009714286,39.42556512,0,Jul,2,2,1,1,Returning_Visitor,FALSE,TRUE
1,52.4,0,0,13,447.2,0,0.007692308,42.30391708,0,Aug,1,1,1,20,Returning_Visitor,TRUE,TRUE
9,96.18666667,1,35.2,63,1345.136667,0.029166667,0.053287037,2.10185027,0,Jul,2,2,9,13,Returning_Visitor,FALSE,FALSE
16,254.253245,3,223.15,221,6606.726779,0.005533063,0.016561375,4.083948025,0,Oct,4,1,4,1,Returning_Visitor,FALSE,TRUE
4,169.2,0,0,14,315.4666667,0,0.011111111,34.75023292,0,Jul,2,2,1,2,Returning_Visitor,TRUE,TRUE
3,86.95,6,173.2,17,481.31,0,0,27.69500776,0,Nov,2,2,9,20,New_Visitor,FALSE,TRUE
5,49.8,0,0,32,955.3333333,0.01875,0.0390625,0,0,Aug,2,2,1,13,Returning_Visitor,FALSE,FALSE
2,15,0,0,11,223.4666667,0,0.028571429,0,0,Sep,2,2,3,6,New_Visitor,TRUE,TRUE
0,0,1,0,17,982.757619,0.0125,0.035416667,0,0,Sep,2,5,2,1,Returning_Visitor,FALSE,FALSE
2,298.2,0,0,48,1850.116667,0.004081633,0.004421769,7.56292207,0,Nov,1,1,2,2,Returning_Visitor,TRUE,TRUE
4,275.1,1,16.6,229,6984.611525,0.017126437,0.021755245,0.780905815,0,Aug,3,2,8,13,Returning_Visitor,FALSE,FALSE
1,29.2,1,322.4,10,126.9333333,0.014285714,0.036904762,13.59420027,0,Sep,2,2,1,2,Returning_Visitor,FALSE,TRUE
2,53.4,0,0,3,66.4,0,0.04,0,0,Oct,1,1,4,3,Returning_Visitor,TRUE,FALSE
2,46.4,0,0,30,2559.433333,0.027586207,0.064367816,0,0,Sep,3,2,6,1,Returning_Visitor,TRUE,FALSE
5,118.9,4,380.7,4,188.4,0,0.006666667,0,0,Oct,4,2,1,4,Returning_Visitor,FALSE,FALSE
11,169.8833333,2,160.4,25,489.15,0.0125,0.0171875,0,0,Aug,3,2,3,5,Returning_Visitor,TRUE,FALSE
1,0,0,0,10,645.2,0.03,0.05,0,0,Jul,3,2,4,1,Returning_Visitor,FALSE,FALSE
1,12,0,0,4,63.4,0,0.04,0,0,Oct,1,8,6,20,New_Visitor,FALSE,FALSE
1,21.2,0,0,0,0,0.05,0.1,0,0,Oct,1,1,1,5,Returning_Visitor,FALSE,FALSE
1,26.2,0,0,13,245.1666667,0,0,58.9241766,0,Aug,2,5,3,4,New_Visitor,FALSE,TRUE
4,206.0666667,0,0,9,113.4333333,0,0.018181818,0,0,Oct,2,2,1,6,Returning_Visitor,FALSE,FALSE
1,3,0,0,24,342,0.024,0.048,0,0,Oct,2,2,1,1,Returning_Visitor,FALSE,FALSE
0,0,0,0,1,0,0.2,0.2,0,0,Nov,2,2,1,13,Returning_Visitor,FALSE,FALSE
10,264.9,1,14.8,24,718.9566667,0,0.003448276,0,0,Oct,3,2,1,4,Returning_Visitor,FALSE,FALSE
0,0,0,0,113,1341.632619,0.004804805,0.011846847,0,0,Jul,2,2,1,13,Returning_Visitor,FALSE,FALSE
0,0,0,0,22,641.5166667,0.00952381,0.00952381,34.5222117,0,Oct,1,1,1,2,Returning_Visitor,FALSE,FALSE
0,0,0,0,17,477.7166667,0,0,0,0,Sep,2,2,6,2,New_Visitor,TRUE,FALSE
1,29.2,0,0,13,199.2844444,0,0,0,0,Jul,1,1,1,4,Returning_Visitor,FALSE,FALSE
7,101.0833333,0,0,26,349.1166667,0.006060606,0.023484848,39.41924911,0,Aug,2,4,3,4,Returning_Visitor,FALSE,FALSE
0,0,0,0,4,166.9,0,0,0,0,Aug,3,2,4,4,New_Visitor,FALSE,FALSE
0,0,0,0,1,0,0.2,0.2,0,0,Oct,3,2,2,3,New_Visitor,TRUE,FALSE
1,39.2,0,0,26,1210.917778,0.014814815,0.014814815,2.480024644,0,Nov,4,2,1,1,Returning_Visitor,FALSE,TRUE
6,333.54,0,0,12,568.1,0,0.0125,19.63031016,0,Nov,2,4,5,2,New_Visitor,FALSE,TRUE
12,569.825,0,0,127,6065.016218,0.006716418,0.009265038,0.152167439,0,Aug,1,1,2,4,Returning_Visitor,FALSE,TRUE
4,48.8,0,0,11,344.8,0.015384615,0.054395604,0,0,Oct,3,2,1,4,Returning_Visitor,TRUE,FALSE
15,304.5833333,0,0,33,761.2233333,0.007619048,0.020793651,0,0,Oct,3,2,1,3,Returning_Visitor,TRUE,FALSE
1,18.2,0,0,17,225.68,0,0.003703704,0,0,Nov,2,10,1,2,Returning_Visitor,FALSE,FALSE
0,0,0,0,2,34.2,0,0.1,0,0,Sep,2,2,1,2,Returning_Visitor,FALSE,FALSE
2,28.2,0,0,7,212.5,0,0.007407407,94.01683315,0,Nov,2,2,3,2,New_Visitor,TRUE,TRUE
2,82.6,6,316,34,1446.733333,0,0.002439024,0,0,Oct,4,1,4,2,New_Visitor,TRUE,FALSE
5,39.8,2,239.8,216,14577.08498,0.002739726,0.013368848,0.888485964,0,Aug,2,2,3,13,Returning_Visitor,FALSE,FALSE
0,0,0,0,3,35.4,0,0.066666667,0,0,Nov,1,1,1,1,Returning_Visitor,FALSE,FALSE
1,0,0,0,3,178.5,0,0.066666667,8.04958574,0,Sep,2,6,2,1,Returning_Visitor,FALSE,FALSE
3,81.4,0,0,18,240.3,0,0.030434783,0,0,Aug,2,2,1,6,Returning_Visitor,FALSE,FALSE
0,0,1,0,45,1165.84,0,0.034042553,7.198820003,0,Oct,2,2,5,1,Returning_Visitor,FALSE,TRUE
0,0,0,0,10,421.6,0,0.011111111,0,0,Nov,1,1,1,4,Returning_Visitor,FALSE,FALSE
3,48.4,0,0,137,3004.628109,0.002380952,0.011750149,0,0,Oct,2,4,9,2,Returning_Visitor,FALSE,FALSE
1,11.1,0,0,48,830.3142529,0.004347826,0.017619048,0,0,Nov,1,1,1,3,Returning_Visitor,FALSE,FALSE
2,53.85,0,0,2,161.2,0,0,0,0,Aug,2,4,3,1,Returning_Visitor,FALSE,FALSE
0,0,0,0,14,598.4333333,0.014285714,0.035714286,0,0,Jul,2,4,9,3,Returning_Visitor,FALSE,FALSE
8,89.9,3,20,84,1854.915556,0.004210526,0.012385965,3.170426459,0,Jul,2,2,7,1,Returning_Visitor,FALSE,FALSE
2,23.2,0,0,5,59.4,0,0.00952381,32.73373471,0,Nov,2,4,4,5,New_Visitor,FALSE,FALSE
1,29.2,0,0,0,0,0,0.066666667,0,0,Nov,1,1,4,2,Returning_Visitor,TRUE,TRUE
0,0,0,0,3,27.2,0.133333333,0.133333333,0,0,Oct,3,2,4,1,Returning_Visitor,FALSE,FALSE
2,27.46666667,3,245.8,28,524.06,0.02,0.054666667,20.42600013,0,Oct,2,2,7,1,Returning_Visitor,FALSE,TRUE
5,419,0,0,14,362.1029825,0.022916667,0.021979167,3.164088313,0,Jul,3,2,3,2,Returning_Visitor,TRUE,TRUE
0,0,0,0,14,422.1333333,0.071428571,0.103333333,0,0,Jul,3,2,4,3,Returning_Visitor,TRUE,FALSE
2,61.48,0,0,40,797.0033333,0,0.012539087,10.20777685,0,Oct,2,2,3,2,Returning_Visitor,FALSE,FALSE
6,268.95,2,153,139,5286.587577,0.002959159,0.018209889,0,0,Nov,1,1,1,3,Returning_Visitor,FALSE,FALSE
9,178.52,3,183.2666667,7,205.8566667,0,0.035555556,0,0,Jul,2,2,1,2,New_Visitor,FALSE,FALSE
2,175.2,0,0,60,1635.466667,0.006557377,0.014754098,0,0,Nov,2,5,7,3,Returning_Visitor,FALSE,FALSE
4,228.72,0,0,4,154.9,0,0.008333333,0,0,Oct,1,8,1,11,New_Visitor,FALSE,FALSE
3,80.6,0,0,37,936.4166667,0,0.005128205,0,0,Jul,1,1,4,2,Returning_Visitor,TRUE,FALSE
8,146.5333333,0,0,107,3739.635556,0,0.009316239,2.551140814,0,Oct,2,2,3,2,Returning_Visitor,FALSE,FALSE
0,0,1,297.2,8,320.2666667,0,0.044444444,17.79528223,0,Oct,2,2,1,20,Returning_Visitor,FALSE,TRUE
8,101.1428571,0,0,109,1370.127838,0.004512398,0.019698317,0,0,Jul,2,2,1,3,Returning_Visitor,FALSE,FALSE
11,201.84,0,0,48,2074.401905,0,0.016071429,7.248757745,0,Aug,2,7,3,1,Returning_Visitor,FALSE,FALSE
1,129.36,0,0,6,341.36,0,0.0625,11.27546478,0,Nov,2,5,3,1,Returning_Visitor,FALSE,FALSE
7,142.35,0,0,73,3566.992857,0,0.003947368,23.15073799,0,Oct,2,5,3,5,New_Visitor,FALSE,TRUE
0,0,0,0,10,349.1111111,0.02,0.02,88.39170518,0,Oct,3,2,1,20,Returning_Visitor,TRUE,TRUE
1,32.2,0,0,32,396.4714286,0.021212121,0.050688705,0,0,Jul,1,1,2,3,Returning_Visitor,TRUE,FALSE
3,55.33333333,0,0,4,420,0.0125,0.0625,0,0,Aug,1,1,4,3,Returning_Visitor,FALSE,TRUE
9,103.9333333,0,0,16,172.1333333,0.012,0.049,0,0,Oct,1,1,1,2,Returning_Visitor,FALSE,TRUE
21,157.8883333,3,84.8,170,3888.278636,0,0.004514952,0,0,Nov,2,2,7,2,Returning_Visitor,FALSE,FALSE
0,0,0,0,31,641.6558915,0,0.005376344,60.04472938,0,Sep,1,1,4,2,New_Visitor,FALSE,TRUE
4,82.46666667,0,0,10,153.9,0.016666667,0.016666667,0,0,Jul,3,2,6,4,Returning_Visitor,FALSE,TRUE
0,0,0,0,7,296.7666667,0,0,0,0,Aug,1,8,7,3,Returning_Visitor,FALSE,FALSE
0,0,0,0,2,19.2,0.1,0.15,0,0,Sep,3,2,3,1,Returning_Visitor,FALSE,FALSE
1,94.8,0,0,6,223.1,0,0.00952381,0,0,Sep,5,11,8,14,Returning_Visitor,FALSE,FALSE
1,21.2,0,0,24,1123.246667,0,0.017391304,30.04921703,0,Sep,2,2,3,2,Returning_Visitor,FALSE,TRUE
2,69,0,0,51,2103.628837,0,0.015384615,40.659727,0,Sep,2,2,4,13,Returning_Visitor,FALSE,TRUE
8,115.2,1,11,18,436.6,0.008695652,0.008695652,0,0,Nov,2,2,7,2,Returning_Visitor,FALSE,FALSE
4,118.8,0,0,11,805.5,0,0.033333333,0,0,Oct,1,1,9,3,Returning_Visitor,FALSE,FALSE
0,0,0,0,11,199.5,0.127272727,0.142424242,0,0,Jul,3,2,1,1,Returning_Visitor,FALSE,FALSE
8,296.86,8,179.5,157,16093.30941,0.007903295,0.027247449,2.051882078,0,June,2,2,1,5,Returning_Visitor,TRUE,FALSE
0,0,0,0,3,135,0,0.066666667,0,0,June,1,1,6,1,Returning_Visitor,TRUE,FALSE
11,361.6,4,112.6,12,147.7333333,0.057142857,0.055555556,0,0,Aug,3,2,1,3,Returning_Visitor,FALSE,FALSE
7,61.08,0,0,39,1324.85,0,0.01627907,0,0,Oct,2,2,1,4,Returning_Visitor,FALSE,FALSE
6,71.5,0,0,79,1854.26,0.039,0.06880303,2.852036737,0,Jul,2,2,9,1,Returning_Visitor,FALSE,FALSE
0,0,0,0,14,1049.05,0,0.016666667,0,0,Nov,3,2,1,20,Returning_Visitor,FALSE,FALSE
10,168.9066667,2,18.4,36,853.8502721,0,0.007751938,5.6479944,0,Oct,3,2,3,2,Returning_Visitor,TRUE,FALSE
2,42.4,0,0,5,163.2,0,0.028571429,20.71678117,0,Aug,2,10,3,3,Returning_Visitor,FALSE,TRUE
5,34.44242424,0,0,103,1843.759347,0,0.019613005,0,0,June,2,4,1,2,Returning_Visitor,TRUE,FALSE
1,7,2,15,17,2269.9,0,0.019047619,0,0,Jul,2,2,3,4,Returning_Visitor,FALSE,TRUE
7,99.8,5,466.4,28,839.7333333,0.001754386,0.009231412,0,0,Nov,2,2,3,1,Returning_Visitor,FALSE,TRUE
0,0,0,0,1,1195.8,0,0,0,0,Aug,2,2,7,13,Returning_Visitor,FALSE,FALSE
0,0,0,0,37,856.2,0.052252252,0.108558559,0,0,Sep,2,2,2,1,Returning_Visitor,FALSE,FALSE
2,43.2,1,32.2,202,13842.45833,0.01804878,0.050155633,0,0,Sep,2,4,7,1,Returning_Visitor,FALSE,FALSE
2,56.4,1,0,72,2101.467925,0.006140351,0.029986961,0,0,Aug,1,1,2,2,Returning_Visitor,FALSE,FALSE
3,84.5,0,0,346,12541.77628,0.001709402,0.006473478,5.177106841,0,Aug,2,2,3,1,Returning_Visitor,TRUE,TRUE
0,0,0,0,80,1566.333333,0.005,0.027916667,0.720181023,0,Sep,2,2,6,1,Returning_Visitor,FALSE,TRUE
1,28.2,0,0,35,942.6879221,0.017142857,0.035442177,8.435206908,0,Sep,1,1,1,2,Returning_Visitor,TRUE,FALSE
1,20.2,6,226,76,1308.573395,0.032611502,0.054407935,0,0,June,3,2,6,2,Returning_Visitor,FALSE,FALSE
2,58.4,0,0,24,589.8,0.032098765,0.05617284,1.696968944,0,Sep,2,2,1,1,Returning_Visitor,TRUE,FALSE
0,0,0,0,7,159.2,0.085714286,0.128571429,0,0,Aug,3,3,3,1,Returning_Visitor,TRUE,FALSE
3,40.55,0,0,10,151.0818182,0.008333333,0.038888889,0,0,Jul,2,2,1,5,New_Visitor,FALSE,FALSE
1,23.2,0,0,3,397.8,0,0,0,0,Aug,2,2,1,4,Returning_Visitor,FALSE,FALSE
0,0,0,0,2,31.2,0,0.1,0,0,Aug,3,2,1,3,Returning_Visitor,FALSE,FALSE
0,0,0,0,18,481.4,0.068518519,0.091604938,0,0,Aug,3,2,3,3,Returning_Visitor,FALSE,FALSE
11,471.6266667,4,235.6,22,883.12,0.006451613,0.018196857,19.43795945,0,Sep,3,2,3,4,Returning_Visitor,FALSE,FALSE
2,241.6,0,0,28,920.7,0,0.015555556,0,0,Nov,1,8,3,20,Returning_Visitor,FALSE,FALSE
0,0,0,0,16,336.3,0.0125,0.025,0,0,Jul,2,2,7,1,Returning_Visitor,FALSE,FALSE
4,65.4,0,0,23,1954.4,0,0.006666667,15.13596148,0,Aug,2,2,3,2,Returning_Visitor,FALSE,FALSE
4,12,0,0,28,580.65,0,0.016666667,0,0,Jul,1,2,1,4,Returning_Visitor,FALSE,FALSE
0,0,0,0,13,323.3,0.084615385,0.102564103,0,0,June,3,2,1,1,Returning_Visitor,FALSE,FALSE
4,60.2,0,0,8,132.8,0,0.009090909,0,0,Oct,1,1,1,2,Returning_Visitor,FALSE,FALSE
7,56.3,0,0,11,353.9,0.025,0.04375,10.02470626,0,Oct,2,2,2,1,Returning_Visitor,FALSE,FALSE
3,117.8,0,0,62,2032.39696,0.005230769,0.01881429,0,0,Sep,3,2,6,4,Returning_Visitor,FALSE,FALSE
0,0,0,0,6,66.9,0,0.02,0,0,Nov,3,2,1,2,New_Visitor,FALSE,FALSE
0,0,0,0,20,1413.768571,0.025,0.038472222,0,0,June,1,2,3,1,Returning_Visitor,TRUE,FALSE
9,179.3785714,0,0,8,131.9785714,0,0.0025,0,0,Sep,2,2,1,5,New_Visitor,FALSE,FALSE
0,0,3,135,32,804.1899134,0.029946524,0.03546327,4.027998418,0,Oct,1,1,6,2,Returning_Visitor,TRUE,FALSE
3,98.6,0,0,7,131.8,0,0.02,88.84365062,0,Oct,2,2,7,2,Returning_Visitor,FALSE,TRUE
3,29.44,1,0,4,15.24,0,0.039583333,0,0,Sep,2,2,8,2,Returning_Visitor,FALSE,TRUE
6,158.6704505,1,430.2,146,5602.006712,0.002671513,0.00935218,6.711290592,0,Nov,2,10,7,2,Returning_Visitor,FALSE,TRUE
2,24.2,0,0,8,530,0,0.044444444,0,0,Aug,1,8,1,2,Returning_Visitor,FALSE,FALSE
1,27.2,0,0,71,1722.721127,0.005555556,0.034027778,0,0,Jul,2,2,7,1,Returning_Visitor,TRUE,FALSE
2,20.2,0,0,7,114.5333333,0,0.05,0,0,Oct,2,2,1,1,Returning_Visitor,FALSE,FALSE
0,0,0,0,22,657.42,0.021212121,0.046969697,0,0,Jul,3,2,3,4,Returning_Visitor,TRUE,FALSE
3,356.6,0,0,39,589.2510658,0.001282051,0.010133221,0,0,Jul,1,1,4,4,Returning_Visitor,FALSE,FALSE
2,24,0,0,37,1391.105556,0.001315789,0.01505848,0,0,Sep,1,1,2,2,Returning_Visitor,FALSE,FALSE
0,0,0,0,4,67.6,0.125,0.133333333,0,0,Jul,3,2,1,4,Returning_Visitor,FALSE,FALSE
1,249.8,2,722.9,8,2219.583333,0,0,0,0,Nov,2,4,4,2,New_Visitor,FALSE,FALSE
8,315.845679,4,382.4,31,1314.112346,0.014285714,0.013518007,37.53469014,0,Oct,1,1,1,4,Returning_Visitor,FALSE,TRUE
1,0,2,6,9,195.1666667,0,0.066666667,0,0,June,4,2,3,4,Returning_Visitor,FALSE,FALSE
1,15.1,0,0,9,248.05,0,0.01875,0,0,Sep,3,2,4,4,New_Visitor,FALSE,FALSE
4,19.8,0,0,2,10,0.0125,0.034166667,0,0,Sep,1,1,6,5,New_Visitor,TRUE,TRUE
0,0,0,0,6,0,0.2,0.2,0,0,June,3,2,7,13,Returning_Visitor,FALSE,FALSE
0,0,0,0,37,1530.006667,0,0.005555556,0,0,Oct,2,2,2,2,Returning_Visitor,TRUE,FALSE
0,0,0,0,47,1423,0.004347826,0.013768116,0,0,Sep,2,2,7,1,Returning_Visitor,FALSE,FALSE
2,34.2,0,0,5,63.4,0,0.028571429,0,0,Jul,4,1,2,2,New_Visitor,FALSE,FALSE
4,143.0666667,1,6.5,74,1294.405,0.002666667,0.010666667,0,0,Aug,2,2,3,1,Returning_Visitor,TRUE,FALSE
4,65.68,1,42.4,12,285.68,0.015384615,0.038461538,0,0,Aug,2,6,4,3,Returning_Visitor,TRUE,FALSE
2,115.2,0,0,7,211.1,0,0,0,0,Jul,2,2,2,2,New_Visitor,TRUE,FALSE
0,0,0,0,4,159.2,0.05,0.066666667,0,0,June,3,2,5,13,Returning_Visitor,TRUE,FALSE
1,0,3,69,15,352.875,0,0.055555556,0,0,Aug,2,2,3,2,Returning_Visitor,FALSE,FALSE
7,140.9,1,18.2,20,318.7666667,0,0.009876543,0,0,Oct,2,2,3,2,New_Visitor,FALSE,FALSE
1,11,0,0,2,51.06666667,0,0,0,0,June,2,2,9,6,Returning_Visitor,FALSE,FALSE
3,32,0,0,15,276.3666667,0,0,55.82099528,0,Sep,2,4,1,2,New_Visitor,FALSE,FALSE
3,66.33333333,0,0,12,368.68,0.04,0.084444444,21.24191985,0,Nov,2,2,1,2,Returning_Visitor,FALSE,TRUE
2,12.1,0,0,4,38.3,0.00952381,0.066666667,0,0,Nov,1,2,1,5,Returning_Visitor,FALSE,FALSE
7,98.73333333,2,229.8,151,4249.12,0.013402778,0.041166667,5.88595629,0,Jul,2,5,3,3,Returning_Visitor,FALSE,FALSE
0,0,0,0,62,944.4055556,0,0.015591398,0,0,June,1,1,7,3,Returning_Visitor,FALSE,FALSE
0,0,0,0,4,72,0,0,35.34967016,0,Sep,3,2,3,2,Returning_Visitor,TRUE,TRUE
0,0,0,0,2,107.8,0,0.1,0,0,Aug,2,2,5,13,Returning_Visitor,FALSE,FALSE
1,64.4,0,0,22,2364.65,0,0.043478261,0,0,Oct,2,2,1,2,Returning_Visitor,FALSE,FALSE
3,145.2,0,0,28,425.0969048,0,0.002380952,0,0,Oct,3,2,7,11,New_Visitor,TRUE,FALSE
0,0,0,0,19,528.25,0,0.005263158,0,0,Sep,2,2,5,2,Returning_Visitor,FALSE,FALSE
0,0,0,0,14,276.35,0,0.007142857,0,0,June,1,1,1,2,Returning_Visitor,FALSE,FALSE
2,24.2,0,0,3,52.4,0,0.04,0,0,Sep,2,2,3,5,New_Visitor,FALSE,FALSE
0,0,0,0,32,905.1,0,0,83.80837784,0,Oct,2,2,6,2,New_Visitor,FALSE,TRUE
0,0,0,0,12,274.75,0,0.030555556,0,0,Nov,2,2,1,1,Returning_Visitor,FALSE,FALSE
1,8,0,0,47,1459.576667,0.010416667,0.017638889,0,0,Oct,1,1,3,3,Returning_Visitor,FALSE,FALSE
2,58.4,0,0,84,3528.69125,0.01577381,0.039900794,0,0,June,2,2,1,1,Returning_Visitor,FALSE,FALSE
0,0,0,0,6,351.4,0.066666667,0.1,0,0,June,2,2,1,3,Returning_Visitor,FALSE,FALSE
3,184.7333333,0,0,106,4590.381905,0.001851852,0.00287037,3.96093872,0,Aug,2,2,9,2,Returning_Visitor,FALSE,TRUE
0,0,0,0,3,60.4,0,0.066666667,0,0,Sep,1,1,1,5,Returning_Visitor,FALSE,FALSE
5,75.66349206,0,0,4,35.92777778,0,0.056481481,0,0,Oct,2,5,7,2,Returning_Visitor,FALSE,FALSE
2,49.4,0,0,45,1526.14119,0,0.004444444,117.6165932,0,Sep,2,2,3,2,Returning_Visitor,TRUE,TRUE
1,50.4,0,0,49,1463.48,0.004081633,0.015646259,24.68624612,0,June,2,2,9,1,Returning_Visitor,FALSE,FALSE
4,123.4,0,0,38,585.37,0.017948718,0.033333333,0,0,Jul,1,1,3,3,Returning_Visitor,TRUE,FALSE
0,0,0,0,7,211.6333333,0,0,28.80119616,0,Aug,1,1,1,5,New_Visitor,FALSE,TRUE
1,10,0,0,23,271.5785714,0,0.008333333,0,0,Aug,2,2,4,1,Returning_Visitor,FALSE,FALSE
6,432.2,0,0,30,363.677619,0.003030303,0.014018978,12.1958841,0,Oct,1,1,3,2,Returning_Visitor,FALSE,TRUE
2,139,0,0,5,274.7,0,0.014285714,0,0,Jul,1,1,5,2,New_Visitor,FALSE,FALSE
11,251.3090909,2,1655.4,80,1249.048358,0.003571429,0.013743735,8.517221252,0,Sep,3,2,4,2,Returning_Visitor,TRUE,FALSE
0,0,0,0,13,261.8,0.015384615,0.084615385,0,0,Sep,1,1,1,3,Returning_Visitor,FALSE,FALSE
0,0,0,0,5,89.86666667,0.04,0.06,0,0,Jul,3,2,5,4,Returning_Visitor,TRUE,FALSE
2,36.4,0,0,3,28.2,0,0,55.89978908,0,Sep,1,1,3,2,New_Visitor,FALSE,FALSE
0,0,0,0,3,54.4,0.066666667,0.133333333,0,0,Jul,3,2,4,3,Returning_Visitor,TRUE,FALSE
3,113.1,0,0,17,237.6066667,0,0.033333333,94.10360412,0,Oct,1,1,2,4,Returning_Visitor,FALSE,TRUE
3,38.3,0,0,18,929.2,0,0.010884354,0,0,Jul,2,2,5,2,Returning_Visitor,TRUE,FALSE
2,43.73333333,0,0,19,158.9333333,0,0.003741497,0,0,June,1,1,6,2,Returning_Visitor,FALSE,FALSE
10,131.34,2,38.2,102,6684.520952,0.002181818,0.017363636,4.215363542,0,Sep,2,2,5,1,Returning_Visitor,FALSE,FALSE
7,136.5,1,42.4,120,7604.397831,0.015762274,0.030675226,3.996742423,0,Jul,2,2,2,1,Returning_Visitor,TRUE,TRUE
4,275.1,2,43.4,31,1108.653333,0.006060606,0.012121212,0,0,Sep,3,2,1,13,Returning_Visitor,TRUE,FALSE
0,0,0,0,31,2285.2,0.006451613,0.04516129,0,0,Nov,2,2,9,1,Returning_Visitor,FALSE,FALSE
11,385.5666667,0,0,54,1256.293333,0.010344828,0.014367816,0,0,Oct,2,2,7,3,Returning_Visitor,FALSE,FALSE
4,59.53333333,0,0,13,183.65,0,0.011764706,0,0,Sep,2,2,9,2,New_Visitor,FALSE,FALSE
0,0,0,0,8,232,0,0.025,0,0,Jul,1,2,1,2,Returning_Visitor,TRUE,FALSE
1,54.4,0,0,1,101.2727273,0,0.007042254,0,0,Sep,2,2,4,2,Returning_Visitor,FALSE,FALSE
2,64.4,0,0,15,443.5666667,0,0.00625,166.3735531,0,June,1,1,1,5,New_Visitor,TRUE,FALSE
2,31.2,2,468.4,15,1388,0.003703704,0.063333333,12.1360201,0,Jul,2,2,5,3,Returning_Visitor,TRUE,FALSE
0,0,0,0,17,557.4,0,0.011111111,83.93274289,0,Sep,2,2,2,2,New_Visitor,TRUE,TRUE
3,16,0,0,24,1004.383333,0,0.023076923,0,0,June,2,2,4,13,Returning_Visitor,FALSE,FALSE
1,0,0,0,11,113.8,0.083333333,0.116666667,0,0,Nov,2,4,1,3,Returning_Visitor,FALSE,TRUE
0,0,0,0,9,249.41,0.022222222,0.005128205,0,0,Nov,1,2,1,4,Returning_Visitor,FALSE,FALSE
7,119.4,0,0,16,743.5314286,0.01,0.02,35.35631939,0,Sep,1,1,8,4,Returning_Visitor,FALSE,FALSE
3,23.2,0,0,24,809.4333333,0.0128,0.021333333,0,0,Aug,3,2,1,3,Returning_Visitor,TRUE,FALSE
1,22.2,2,44.4,37,400.8,0.005128205,0.002564103,0,0,Oct,2,10,1,2,Returning_Visitor,FALSE,FALSE
3,82.95714286,0,0,28,951.4412698,0.013793103,0.025860732,0,0,Oct,3,2,1,2,Returning_Visitor,FALSE,FALSE
1,2,0,0,5,86.6,0,0.1,0,0,Sep,3,2,3,2,Returning_Visitor,FALSE,FALSE
0,0,0,0,2,30.4,0,0.066666667,21.47899475,0,Oct,1,8,6,20,Returning_Visitor,TRUE,TRUE
0,0,0,0,6,339.5,0,0.016666667,124.9045858,0,Nov,2,6,9,20,New_Visitor,FALSE,TRUE
0,0,0,0,27,1010.633333,0,0.012962963,0,0,June,2,2,1,2,Returning_Visitor,FALSE,FALSE
1,68.6,1,29.2,97,4318.668082,0.002520046,0.013784185,0,0,Jul,2,4,2,2,Returning_Visitor,TRUE,FALSE
1,4,1,10,274,5876.459165,0.002431163,0.013240553,0,0,Oct,2,2,9,2,Returning_Visitor,FALSE,FALSE
3,60.4,0,0,4,25.8,0,0.04,0,0,Jul,1,1,3,4,New_Visitor,FALSE,FALSE
2,89.33333333,0,0,22,502.5083333,0,0.018695652,0,0,Sep,3,2,2,2,Returning_Visitor,TRUE,FALSE
2,66.26666667,1,348.6,6,233.1666667,0.044444444,0.046666667,11.12205139,0,Oct,3,2,3,7,Returning_Visitor,FALSE,FALSE
